Tract ID,Parish,Parish FIPS,Series Intitiated,Series Completed,Population (2018),ldhh,x,y
22001960100,Acadia,22001,2180,1938,5935,4,-92.21719399999995,30.410130000000038
22001960200,Acadia,22001,2211,2029,5531,4,-92.39587399999994,30.415924000000075
22001960300,Acadia,22001,960,878,3652,4,-92.57656099999997,30.361271000000045
22001960400,Acadia,22001,1944,1797,7188,4,-92.44212299999998,30.28404000000006
22001960500,Acadia,22001,2113,1904,7285,4,-92.23429099999998,30.31835600000005
22001960600,Acadia,22001,2171,1947,6141,4,-92.23088799999994,30.242195000000038
22001960700,Acadia,22001,1516,1371,4497,4,-92.28736099999998,30.24349600000005
22001960800,Acadia,22001,1975,1797,5023,4,-92.34910599999995,30.23794900000007
22001960900,Acadia,22001,1709,1558,5102,4,-92.40554799999995,30.211430000000064
22001961000,Acadia,22001,1679,1519,5083,4,-92.37860899999998,30.19730400000003
22001961100,Acadia,22001,659,604,3778,4,-92.51876099999998,30.147688000000073
22001961200,Acadia,22001,1035,946,3353,4,-92.36149599999999,30.13970900000004
22003950100,Allen,22003,617,538,5002,5,-92.90883599999995,30.687477000000058
22003950200,Allen,22003,674,597,5184,5,-92.63406399999997,30.853683000000046
22003950300,Allen,22003,764,665,2942,5,-92.66247599999997,30.810982000000024
22003950400,Allen,22003,765,674,4209,5,-92.69515199999995,30.650875000000042
22003950500,Allen,22003,1931,1761,8324,5,-92.82690399999996,30.517563000000052
22005030101,Ascension,22005,3208,2884,8621,2,-90.88449899999995,30.317635000000053
22005030102,Ascension,22005,2170,1977,5209,2,-90.88729899999998,30.262306000000024
22005030103,Ascension,22005,2214,2011,6398,2,-90.84318499999995,30.27899400000007
22005030203,Ascension,22005,6080,5554,11781,2,-90.97065699999996,30.32588400000003
22005030204,Ascension,22005,5583,5086,12573,2,-90.93765999999994,30.311428000000035
22005030205,Ascension,22005,5288,4837,10708,2,-90.96429399999994,30.272415000000024
22005030206,Ascension,22005,4319,3889,11292,2,-90.92780299999998,30.27957900000007
22005030300,Ascension,22005,7837,7170,15351,2,-90.96443199999999,30.189606000000026
22005030401,Ascension,22005,2543,2351,4965,2,-90.93730899999997,30.244034000000056
22005030402,Ascension,22005,3976,3579,7900,2,-90.93185399999999,30.222754000000066
22005030500,Ascension,22005,3563,3272,8949,2,-90.77063799999996,30.200390000000027
22005030600,Ascension,22005,2076,1877,6041,2,-90.90116899999998,30.18309400000004
22005030900,Ascension,22005,1626,1436,4646,2,-91.05107899999996,30.132408000000055
22005031000,Ascension,22005,2784,2496,6742,2,-90.96699499999994,30.09542300000004
22007050100,Assumption,22007,1181,1047,3717,3,-91.06964099999999,30.036713000000077
22007050200,Assumption,22007,2059,1859,4715,3,-91.18167099999994,29.929089000000033
22007050300,Assumption,22007,1188,1071,3502,3,-91.03342399999997,29.973465000000033
22007050400,Assumption,22007,1032,912,3243,3,-91.05741099999995,29.91368300000005
22007050500,Assumption,22007,977,870,3290,3,-91.00347099999999,29.846695000000068
22007050600,Assumption,22007,1310,1174,4247,3,-91.03187599999995,29.736324000000025
22009030100,Avoyelles,22009,759,665,2469,6,-91.86749299999997,31.136951000000067
22009030200,Avoyelles,22009,902,786,3090,6,-92.12924999999996,31.253704000000027
22009030300,Avoyelles,22009,1397,1231,3428,6,-92.14865099999997,31.144535000000076
22009030400,Avoyelles,22009,2954,2625,7355,6,-92.07923899999997,31.132885000000044
22009030500,Avoyelles,22009,2583,2276,6800,6,-92.10568999999998,31.05824700000005
22009030600,Avoyelles,22009,1928,1717,4893,6,-92.18740099999997,30.92914600000006
22009030700,Avoyelles,22009,2827,2589,7519,6,-92.05194099999994,30.973690000000033
22009030800,Avoyelles,22009,881,784,2691,6,-91.98755599999998,30.91653800000006
22009030900,Avoyelles,22009,560,499,2637,6,-91.87306199999995,30.92919900000004
22011960100,Beauregard,22011,1484,1280,6150,5,-93.11402099999998,30.723553000000038
22011960200,Beauregard,22011,1557,1360,5507,5,-93.32730099999998,30.80606800000004
22011960300,Beauregard,22011,1683,1441,4612,5,-93.27267499999994,30.863388000000043
22011960400,Beauregard,22011,1189,1056,3538,5,-93.27290299999999,30.82436000000007
22011960500,Beauregard,22011,2104,1819,5106,5,-93.32459999999998,30.850142000000062
22011960600,Beauregard,22011,729,631,3366,5,-93.57653799999997,30.602449000000036
22011960700,Beauregard,22011,2115,1857,8490,5,-93.32047299999994,30.556482000000074
22013970100,Bienville,22013,1347,1172,3708,7,-92.92815399999995,32.55320000000006
22013970200,Bienville,22013,359,322,1451,7,-93.03169299999996,32.50021000000004
22013970300,Bienville,22013,861,776,3017,7,-93.33556399999998,32.32600800000006
22013970400,Bienville,22013,620,563,2716,7,-93.17837499999996,32.29330100000004
22013970500,Bienville,22013,899,813,2776,7,-92.94746399999997,32.30139500000007
22015010400,Bossier,22015,504,424,1193,7,-93.74082899999996,32.53463000000005
22015010500,Bossier,22015,1828,1595,4716,7,-93.71816999999999,32.54635600000006
22015010601,Bossier,22015,2387,2031,7384,7,-93.68784299999999,32.54244200000005
22015010602,Bossier,22015,1132,1000,3178,7,-93.71067799999997,32.526039000000026
22015010701,Bossier,22015,1371,1174,4049,7,-93.69889799999999,32.51700200000005
22015010702,Bossier,22015,1365,1179,4432,7,-93.69283299999995,32.50908300000003
22015010801,Bossier,22015,1217,1059,3233,7,-93.70825999999994,32.502537000000075
22015010804,Bossier,22015,3380,3034,8449,7,-93.65183299999995,32.46824300000003
22015010805,Bossier,22015,1319,1142,3444,7,-93.68387599999994,32.47552900000005
22015010806,Bossier,22015,1813,1631,4291,7,-93.67070799999999,32.48505800000004
22015010900,Bossier,22015,370,295,4884,7,-93.59970899999996,32.50038500000005
22015011001,Bossier,22015,3209,2871,8913,7,-93.53945199999998,32.44731100000007
22015011002,Bossier,22015,2470,2260,4093,7,-93.50754499999994,32.35087600000003
22015011103,Bossier,22015,3343,2987,7297,7,-93.54527999999999,32.69447700000006
22015011105,Bossier,22015,3049,2736,6807,7,-93.57581299999998,32.55368000000004
22015011106,Bossier,22015,2999,2660,8285,7,-93.49539199999998,32.57232700000003
22015011107,Bossier,22015,731,637,2443,7,-93.74329399999999,32.69243200000005
22015011108,Bossier,22015,7127,6380,15776,7,-93.70031699999998,32.64233800000005
22015011109,Bossier,22015,4032,3527,7886,7,-93.64955899999995,32.553757000000076
22015011110,Bossier,22015,3807,3464,8557,7,-93.71903199999997,32.57856000000004
22015011200,Bossier,22015,2197,1972,5144,7,-93.65989699999994,32.87169300000005
22015011300,Bossier,22015,564,473,1677,7,-93.72824099999997,32.517570000000035
22017020500,Caddo,22017,1080,955,3074,7,-93.76144399999998,32.534470000000056
22017020600,Caddo,22017,,,720,7,-93.76684599999999,32.51546500000006
22017020700,Caddo,22017,,,753,7,-93.77053099999995,32.507187000000044
22017021000,Caddo,22017,563,500,1839,7,-93.75100699999996,32.49070700000004
22017021100,Caddo,22017,936,781,2500,7,-93.73745699999995,32.49631900000003
22017021200,Caddo,22017,1435,1273,3293,7,-93.73789999999997,32.48709100000008
22017021300,Caddo,22017,907,782,2370,7,-93.72089399999999,32.495937000000026
22017021400,Caddo,22017,860,757,2398,7,-93.71050299999996,32.48752600000006
22017021500,Caddo,22017,1017,905,2311,7,-93.72994999999997,32.47539900000004
22017021600,Caddo,22017,2010,1850,3819,7,-93.74658999999997,32.47552500000006
22017021700,Caddo,22017,829,678,1668,7,-93.76721199999997,32.47594800000007
22017021800,Caddo,22017,631,542,1153,7,-93.76862299999999,32.487194000000045
22017021900,Caddo,22017,488,437,1266,7,-93.77342199999998,32.49784100000005
22017022000,Caddo,22017,647,567,1847,7,-93.78713199999999,32.50532500000003
22017022100,Caddo,22017,2174,1917,5825,7,-93.79444099999995,32.49421700000005
22017022200,Caddo,22017,1884,1643,5357,7,-93.81719199999998,32.47525800000005
22017022300,Caddo,22017,807,681,2445,7,-93.78868899999998,32.478424000000075
22017022400,Caddo,22017,981,820,3026,7,-93.78640699999994,32.463940000000036
22017022500,Caddo,22017,1564,1378,5045,7,-93.76647899999995,32.46322600000008
22017022600,Caddo,22017,1949,1816,2986,7,-93.74608599999999,32.461884000000055
22017022700,Caddo,22017,1207,1086,2481,7,-93.72844699999996,32.462879000000044
22017022800,Caddo,22017,2059,1867,3949,7,-93.71555299999994,32.466053000000045
22017022900,Caddo,22017,2069,1872,4468,7,-93.70027899999997,32.46940600000005
22017023000,Caddo,22017,2616,2374,4612,7,-93.71741499999996,32.45052300000003
22017023100,Caddo,22017,939,844,1453,7,-93.73720599999996,32.44519400000007
22017023200,Caddo,22017,474,404,1547,7,-93.75156399999997,32.44800200000003
22017023300,Caddo,22017,664,579,2482,7,-93.76818099999997,32.44898600000005
22017023400,Caddo,22017,2163,1884,6596,7,-93.79107699999997,32.44437800000003
22017023500,Caddo,22017,1184,1017,3389,7,-93.80296299999998,32.45690500000006
22017023600,Caddo,22017,1108,937,3137,7,-93.81926699999997,32.46052600000007
22017023700,Caddo,22017,2023,1722,6757,7,-93.76599099999999,32.43361300000004
22017023800,Caddo,22017,2896,2603,5387,7,-93.74020399999995,32.429756000000054
22017023901,Caddo,22017,3786,3411,6613,7,-93.69222299999996,32.431133000000045
22017023903,Caddo,22017,2233,1995,4262,7,-93.74162299999995,32.401455000000055
22017023904,Caddo,22017,1742,1594,3325,7,-93.72258799999997,32.43191500000006
22017023905,Caddo,22017,2414,2198,4586,7,-93.71090699999996,32.417362000000026
22017024000,Caddo,22017,7586,6975,12175,7,-93.62529799999999,32.31937400000004
22017024102,Caddo,22017,1590,1437,3676,7,-93.80163599999997,32.350677000000076
22017024104,Caddo,22017,2827,2488,7496,7,-93.77843499999994,32.41277300000007
22017024106,Caddo,22017,2998,2671,7438,7,-93.82796499999995,32.39859800000005
22017024107,Caddo,22017,1966,1742,5135,7,-93.80430599999994,32.42177200000003
22017024108,Caddo,22017,2925,2597,6516,7,-93.80126999999999,32.38873700000005
22017024109,Caddo,22017,1650,1475,4158,7,-93.77615399999996,32.39154800000006
22017024201,Caddo,22017,1768,1577,4547,7,-93.85199699999998,32.42056300000007
22017024202,Caddo,22017,2956,2616,6960,7,-93.89205899999996,32.36002700000006
22017024203,Caddo,22017,1730,1549,4807,7,-93.96153299999997,32.28204000000005
22017024301,Caddo,22017,3271,2957,6694,7,-93.95490299999994,32.482319000000075
22017024303,Caddo,22017,2069,1808,5639,7,-93.88378099999994,32.43576000000007
22017024304,Caddo,22017,2060,1843,5048,7,-93.98063699999994,32.41443600000002
22017024400,Caddo,22017,2341,2101,4594,7,-93.84320099999997,32.48812900000007
22017024503,Caddo,22017,1717,1527,5245,7,-93.84751099999994,32.61101200000007
22017024504,Caddo,22017,1978,1747,6438,7,-93.97705799999994,32.62657900000005
22017024601,Caddo,22017,1368,1138,5187,7,-93.81939699999998,32.56316000000004
22017024602,Caddo,22017,1628,1426,5034,7,-93.79820299999994,32.53228000000007
22017024700,Caddo,22017,934,830,1840,7,-93.78843699999999,32.58089800000005
22017024800,Caddo,22017,365,313,918,7,-93.83399199999997,32.70441800000003
22017024900,Caddo,22017,745,662,3451,7,-93.97731799999997,32.82114000000007
22017025000,Caddo,22017,1087,967,3627,7,-93.97904199999994,32.87286400000005
22017025100,Caddo,22017,468,417,1776,7,-93.89724699999994,32.938946000000044
22017025200,Caddo,22017,543,484,876,7,-93.76090999999997,32.49961100000007
22017025300,Caddo,22017,595,507,1484,7,-93.74565899999999,32.50893000000008
22017025405,Caddo,22017,1875,1694,4624,7,-93.86904899999996,32.58447600000005
22017025406,Caddo,22017,1675,1523,4239,7,-93.90876799999995,32.54628800000006
22017980000,Caddo,22017,,,0,7,-93.82515699999999,32.44595300000003
22019000100,Calcasieu,22019,1095,959,2088,5,-93.21330999999998,30.228519000000063
22019000200,Calcasieu,22019,621,544,1535,5,-93.22122199999995,30.24441500000006
22019000300,Calcasieu,22019,647,576,2106,5,-93.20052299999998,30.256516000000033
22019000400,Calcasieu,22019,437,379,1060,5,-93.19899699999996,30.232050000000072
22019000500,Calcasieu,22019,1807,1627,3440,5,-93.22717999999998,30.223404000000073
22019000600,Calcasieu,22019,2640,2341,7485,5,-93.18723299999994,30.21908600000006
22019000700,Calcasieu,22019,1750,1564,4695,5,-93.23574099999996,30.207621000000074
22019000800,Calcasieu,22019,1180,997,3534,5,-93.21021299999995,30.205194000000063
22019000900,Calcasieu,22019,2074,1834,3933,5,-93.19163499999996,30.203760000000045
22019001000,Calcasieu,22019,1932,1749,3497,5,-93.22718799999996,30.18737600000003
22019001100,Calcasieu,22019,1408,1213,4924,5,-93.21205099999997,30.186663000000067
22019001201,Calcasieu,22019,1717,1504,5048,5,-93.19708999999995,30.186518000000035
22019001202,Calcasieu,22019,931,819,3236,5,-93.18435699999998,30.18707100000006
22019001300,Calcasieu,22019,3161,2817,6494,5,-93.22108499999996,30.15943500000003
22019001400,Calcasieu,22019,2405,2127,5474,5,-93.16163599999999,30.270399000000054
22019001500,Calcasieu,22019,739,638,1639,5,-93.18045799999999,30.236151000000064
22019001600,Calcasieu,22019,1317,1166,4794,5,-93.15273999999994,30.223726000000056
22019001700,Calcasieu,22019,3480,3043,9848,5,-93.16935699999999,30.120895000000075
22019001801,Calcasieu,22019,4696,4249,10986,5,-93.27393299999994,30.107653000000028
22019001901,Calcasieu,22019,1955,1774,3669,5,-93.25876599999998,30.194431000000066
22019001903,Calcasieu,22019,3021,2714,6618,5,-93.24285099999997,30.15829300000007
22019001904,Calcasieu,22019,3193,2879,5893,5,-93.26208499999996,30.176041000000055
22019002000,Calcasieu,22019,3134,2786,10392,5,-93.04750799999994,30.177963000000034
22019002100,Calcasieu,22019,810,722,3254,5,-93.01347399999997,30.233381000000065
22019002201,Calcasieu,22019,3108,2797,8694,5,-93.20033299999994,30.35618400000004
22019002203,Calcasieu,22019,2337,2085,6739,5,-93.22189299999997,30.313990000000047
22019002204,Calcasieu,22019,1886,1668,5295,5,-93.19712799999996,30.29911400000003
22019002300,Calcasieu,22019,988,895,2847,5,-93.40328999999997,30.35423300000008
22019002400,Calcasieu,22019,1379,1181,6118,5,-93.43532599999998,30.449249000000066
22019002500,Calcasieu,22019,1448,1300,3744,5,-93.24405699999994,30.273104000000046
22019002600,Calcasieu,22019,1579,1406,4735,5,-93.25835399999994,30.252916000000027
22019002700,Calcasieu,22019,2372,2082,7572,5,-93.40911099999994,30.262526000000037
22019002800,Calcasieu,22019,1047,902,4143,5,-93.37648799999994,30.242067000000077
22019002900,Calcasieu,22019,649,573,2278,5,-93.38391099999996,30.226765000000057
22019003000,Calcasieu,22019,1647,1415,4630,5,-93.36376199999995,30.226429000000053
22019003101,Calcasieu,22019,2107,1893,4892,5,-93.33738699999998,30.225813000000073
22019003102,Calcasieu,22019,1058,963,2314,5,-93.31777999999997,30.230654000000072
22019003200,Calcasieu,22019,612,528,1952,5,-93.37853199999995,30.119473000000028
22019003300,Calcasieu,22019,1823,1667,5034,5,-93.37063599999999,30.179039000000046
22019003400,Calcasieu,22019,1627,1480,5887,5,-93.55313099999995,30.126930000000073
22019003500,Calcasieu,22019,893,801,3413,5,-93.57941399999999,30.197393000000034
22019003600,Calcasieu,22019,843,755,4253,5,-93.62858599999998,30.290194000000042
22019980000,Calcasieu,22019,,,0,5,-93.14354699999996,30.20882400000005
22019980100,Calcasieu,22019,,,0,5,-93.22016099999996,30.123703000000035
22021000100,Caldwell,22021,742,695,2651,8,-92.00034299999999,32.12831900000003
22021000200,Caldwell,22021,675,619,2911,8,-92.22013899999996,32.115841000000046
22021000300,Caldwell,22021,958,868,4434,8,-92.08697499999994,31.994879000000026
22023970100,Cameron,22023,1421,1285,5070,5,-92.92551399999996,29.862074000000064
22023970201,Cameron,22023,552,501,1798,5,-93.58404499999995,29.88978000000003
22023990000,Cameron,22023,,,0,5,-93.24337799999995,29.68961100000007
22025000100,Catahoula,22025,875,795,4719,6,-91.80417599999998,31.801750000000027
22025000200,Catahoula,22025,966,864,2143,6,-91.84324599999997,31.612137000000075
22025000300,Catahoula,22025,942,840,3031,6,-91.90734099999997,31.47767600000003
22027950100,Claiborne,22027,1096,1002,3147,7,-92.86008499999997,32.863361000000054
22027950200,Claiborne,22027,885,838,4205,7,-93.10800899999998,32.89152900000005
22027950300,Claiborne,22027,800,716,2796,7,-93.13404099999997,32.975002000000075
22027950400,Claiborne,22027,1065,960,3251,7,-93.06111099999998,32.78229100000004
22027950500,Claiborne,22027,826,745,2754,7,-93.03047199999997,32.66495500000008
22029000100,Concordia,22029,791,696,2104,6,-91.55982999999998,31.680420000000026
22029000200,Concordia,22029,1684,1472,5418,6,-91.57135799999998,31.625351000000023
22029000300,Concordia,22029,1140,1002,4002,6,-91.50873599999994,31.56565900000004
22029000400,Concordia,22029,1735,1529,4191,6,-91.43485999999996,31.57422100000008
22029000500,Concordia,22029,1088,1015,4306,6,-91.67627699999997,31.361200000000053
22031950100,De Soto,22031,3287,2940,10469,7,-93.75119799999999,32.24227900000005
22031950200,De Soto,22031,934,838,4137,7,-93.95420099999996,32.092167000000074
22031950300,De Soto,22031,933,838,2889,7,-93.61402099999998,32.070156000000054
22031950400,De Soto,22031,1056,938,2940,7,-93.72492199999994,32.05170100000004
22031950500,De Soto,22031,722,649,1975,7,-93.72865299999995,31.97149100000007
22031950600,De Soto,22031,960,876,2714,7,-93.66123199999998,32.007614000000046
22031950700,De Soto,22031,708,645,2092,7,-93.72711899999996,31.917665000000056
22033000100,East Baton Rouge,22033,527,462,1764,2,-91.16091899999998,30.504429000000073
22033000200,East Baton Rouge,22033,2521,2198,6207,2,-91.13772599999999,30.498356000000058
22033000300,East Baton Rouge,22033,635,545,1630,2,-91.16226199999994,30.494120000000066
22033000400,East Baton Rouge,22033,1159,1003,2696,2,-91.14856699999996,30.49268500000005
22033000500,East Baton Rouge,22033,1369,1155,3766,2,-91.16270399999996,30.47914700000007
22033000601,East Baton Rouge,22033,1282,1097,2796,2,-91.14865099999997,30.483030000000042
22033000602,East Baton Rouge,22033,1939,1725,4388,2,-91.14815499999997,30.47203600000006
22033000701,East Baton Rouge,22033,792,678,2314,2,-91.12918099999996,30.48350700000003
22033000702,East Baton Rouge,22033,1383,1242,3240,2,-91.12593099999998,30.475029000000063
22033000900,East Baton Rouge,22033,1754,1539,3797,2,-91.16133899999994,30.461876000000075
22033001000,East Baton Rouge,22033,1423,1260,3442,2,-91.14728499999995,30.459555000000023
22033001102,East Baton Rouge,22033,1386,1203,3464,2,-91.10896299999996,30.461426000000074
22033001103,East Baton Rouge,22033,1169,1039,3328,2,-91.13381999999996,30.460592000000076
22033001104,East Baton Rouge,22033,1292,1002,4661,2,-91.12167399999998,30.460154000000045
22033001600,East Baton Rouge,22033,1860,1725,3318,2,-91.16067499999997,30.445778000000075
22033001700,East Baton Rouge,22033,3319,2977,5572,2,-91.14569099999994,30.442326000000037
22033001800,East Baton Rouge,22033,1251,1144,2405,2,-91.12540399999995,30.448124000000064
22033001900,East Baton Rouge,22033,1776,1658,2760,2,-91.12442799999997,30.439981000000046
22033002000,East Baton Rouge,22033,2395,2241,3419,2,-91.09891499999998,30.440615000000037
22033002200,East Baton Rouge,22033,579,505,1394,2,-91.17401099999995,30.43579100000005
22033002300,East Baton Rouge,22033,1876,1741,2444,2,-91.15904199999994,30.432878000000073
22033002400,East Baton Rouge,22033,1096,967,2468,2,-91.19049099999995,30.425745000000063
22033002500,East Baton Rouge,22033,1313,1171,2825,2,-91.17456099999998,30.42582100000004
22033002601,East Baton Rouge,22033,2720,2516,4301,2,-91.15653199999997,30.416761000000065
22033002602,East Baton Rouge,22033,2540,2336,4444,2,-91.13083599999999,30.402653000000043
22033002700,East Baton Rouge,22033,889,801,1726,2,-91.14498099999997,30.42588200000006
22033002801,East Baton Rouge,22033,445,384,2470,2,-91.18987999999996,30.412870000000055
22033002802,East Baton Rouge,22033,535,488,3836,2,-91.17082999999997,30.412266000000045
22033003000,East Baton Rouge,22033,1098,958,4516,2,-91.21651499999996,30.521088000000077
22033003101,East Baton Rouge,22033,1457,1253,4096,2,-91.17846699999996,30.53340000000003
22033003103,East Baton Rouge,22033,335,292,1277,2,-91.15991999999994,30.534283000000073
22033003201,East Baton Rouge,22033,1905,1735,4481,2,-91.12609899999995,30.54030000000006
22033003202,East Baton Rouge,22033,2149,1983,3526,2,-91.11143499999997,30.569815000000062
22033003300,East Baton Rouge,22033,2166,1938,4885,2,-91.16397899999998,30.515873000000056
22033003400,East Baton Rouge,22033,3054,2684,7019,2,-91.13494899999995,30.515333000000055
22033003501,East Baton Rouge,22033,1330,1192,3043,2,-91.08741799999996,30.509468000000027
22033003504,East Baton Rouge,22033,3070,2734,5859,2,-91.11084699999998,30.508047000000033
22033003505,East Baton Rouge,22033,1877,1627,4001,2,-91.10668899999996,30.491964000000053
22033003506,East Baton Rouge,22033,3732,3350,7334,2,-91.07990299999994,30.47964900000005
22033003507,East Baton Rouge,22033,3018,2764,4623,2,-91.04585999999995,30.48665200000005
22033003601,East Baton Rouge,22033,1838,1629,3386,2,-91.08763099999999,30.463936000000047
22033003603,East Baton Rouge,22033,1104,943,2340,2,-91.06495699999994,30.464796000000035
22033003604,East Baton Rouge,22033,2101,1783,6169,2,-91.04682199999996,30.46700500000003
22033003701,East Baton Rouge,22033,3457,3162,6086,2,-91.07871199999994,30.444502000000057
22033003702,East Baton Rouge,22033,1928,1729,3787,2,-91.06347699999998,30.44802500000003
22033003703,East Baton Rouge,22033,3903,3584,6339,2,-91.04650099999998,30.450600000000065
22033003801,East Baton Rouge,22033,4936,4523,7547,2,-91.11910999999998,30.418911000000037
22033003802,East Baton Rouge,22033,3436,3120,5246,2,-91.08589199999994,30.421846000000073
22033003804,East Baton Rouge,22033,3372,3121,4489,2,-91.09357499999999,30.40411400000005
22033003805,East Baton Rouge,22033,3647,3425,7413,2,-91.07326499999994,30.394623000000024
22033003904,East Baton Rouge,22033,2407,2119,5703,2,-91.03872699999994,30.43927000000008
22033003906,East Baton Rouge,22033,5445,4995,8774,2,-91.03457599999996,30.401379000000077
22033003907,East Baton Rouge,22033,3042,2788,5845,2,-91.04437999999999,30.421854000000053
22033003908,East Baton Rouge,22033,2406,2185,3444,2,-91.02653499999997,30.42166100000003
22033003909,East Baton Rouge,22033,2356,2116,5654,2,-91.06449099999998,30.42670400000003
22033003910,East Baton Rouge,22033,1270,1076,3052,2,-91.05914299999995,30.411921000000063
22033004005,East Baton Rouge,22033,3432,3145,5848,2,-91.10767399999997,30.378426000000047
22033004006,East Baton Rouge,22033,5868,5539,9015,2,-91.08866899999998,30.368975000000034
22033004009,East Baton Rouge,22033,4941,4543,8964,2,-91.03633899999994,30.36226800000003
22033004010,East Baton Rouge,22033,3003,2803,4840,2,-91.06876399999999,30.357004000000074
22033004011,East Baton Rouge,22033,2306,1973,6819,2,-91.15102399999995,30.36359600000003
22033004013,East Baton Rouge,22033,1284,1122,3427,2,-91.19244399999997,30.39758900000004
22033004014,East Baton Rouge,22033,4339,3958,10439,2,-91.20255299999997,30.368090000000052
22033004015,East Baton Rouge,22033,3599,3135,7333,2,-91.12380999999993,30.352209000000073
22033004016,East Baton Rouge,22033,5160,4849,9628,2,-91.08334399999995,30.332977000000028
22033004201,East Baton Rouge,22033,2712,2460,6236,2,-91.15312999999998,30.560066000000063
22033004203,East Baton Rouge,22033,1555,1393,3149,2,-91.18740799999995,30.580639000000076
22033004204,East Baton Rouge,22033,1610,1386,3870,2,-91.14121999999998,30.601757000000077
22033004205,East Baton Rouge,22033,2757,2461,5831,2,-91.15079499999996,30.580978000000073
22033004301,East Baton Rouge,22033,2855,2618,6077,2,-91.07772099999994,30.59152000000006
22033004302,East Baton Rouge,22033,2307,2120,5742,2,-91.02146899999997,30.588921000000028
22033004401,East Baton Rouge,22033,2482,2285,4675,2,-91.05503099999999,30.526163000000054
22033004402,East Baton Rouge,22033,2468,2233,7003,2,-91.00302099999999,30.545124000000044
22033004403,East Baton Rouge,22033,2865,2640,6006,2,-91.00265499999995,30.499783000000036
22033004503,East Baton Rouge,22033,3144,2753,5585,2,-91.00944499999997,30.467737000000056
22033004504,East Baton Rouge,22033,3385,3076,6806,2,-91.00485999999995,30.451725000000067
22033004505,East Baton Rouge,22033,3770,3406,7350,2,-90.99365999999998,30.42790400000007
22033004507,East Baton Rouge,22033,3064,2806,5635,2,-91.00823999999994,30.40467600000005
22033004508,East Baton Rouge,22033,4904,4537,8881,2,-90.98767099999998,30.401297000000056
22033004509,East Baton Rouge,22033,3469,3119,7100,2,-91.01782999999995,30.37440900000007
22033004510,East Baton Rouge,22033,4263,3952,8251,2,-90.95932799999997,30.364948000000027
22033004602,East Baton Rouge,22033,2255,1982,5721,2,-91.12607599999996,30.665888000000052
22033004603,East Baton Rouge,22033,2575,2322,4883,2,-91.24713099999997,30.630585000000053
22033004604,East Baton Rouge,22033,6246,5716,12730,2,-91.17613199999994,30.665073000000064
22033004700,East Baton Rouge,22033,2266,2052,6202,2,-90.98450499999996,30.66817100000003
22033004800,East Baton Rouge,22033,2081,1896,3631,2,-91.16442099999995,30.400873000000047
22033004900,East Baton Rouge,22033,3082,2899,4396,2,-91.14148699999998,30.391407000000072
22033005000,East Baton Rouge,22033,2241,2140,3230,2,-91.12451199999998,30.381561000000033
22033005100,East Baton Rouge,22033,1672,1489,3076,2,-91.18340299999994,30.46112400000004
22033005200,East Baton Rouge,22033,884,768,1991,2,-91.18717199999998,30.439175000000034
22033005300,East Baton Rouge,22033,1448,1228,2915,2,-91.17348499999997,30.44899600000008
22033980000,East Baton Rouge,22033,,,0,2,-91.15083299999998,30.53303900000003
22035000100,East Carroll,22035,1012,923,1514,8,-91.20894599999997,32.894337000000064
22035000200,East Carroll,22035,499,457,3645,8,-91.24785599999996,32.65554800000007
22035000300,East Carroll,22035,754,698,2066,8,-91.19702899999999,32.795990000000074
22037951300,East Feliciana,22037,1093,978,2468,2,-91.00335699999994,30.94390500000003
22037951400,East Feliciana,22037,1541,1400,3597,2,-91.14762099999996,30.87307000000004
22037951501,East Feliciana,22037,533,488,1158,2,-91.25618699999995,30.71018600000008
22037951502,East Feliciana,22037,2974,2737,7681,2,-91.13930499999998,30.777649000000054
22037951600,East Feliciana,22037,1993,1812,4595,2,-90.94264999999996,30.79516600000005
22039950100,Evangeline,22039,1481,1342,6268,4,-92.33306899999997,30.844084000000066
22039950200,Evangeline,22039,382,325,1706,4,-92.50751499999996,30.80561300000005
22039950300,Evangeline,22039,2020,1868,5058,4,-92.51141399999995,30.583958000000052
22039950400,Evangeline,22039,2191,1924,6363,4,-92.37663299999997,30.663076000000046
22039950500,Evangeline,22039,1281,1158,3340,4,-92.29462399999994,30.703463000000056
22039950600,Evangeline,22039,1453,1314,3505,4,-92.27270499999997,30.69804400000004
22039950700,Evangeline,22039,1574,1456,3612,4,-92.22258799999997,30.721478000000047
22039950800,Evangeline,22039,1638,1492,3784,4,-92.30786899999998,30.598137000000065
22041950100,Franklin,22041,1144,1060,3783,8,-91.61826299999996,32.309574000000055
22041950200,Franklin,22041,1526,1404,4446,8,-91.73445899999996,32.15298500000006
22041950300,Franklin,22041,1864,1664,5397,8,-91.73377999999997,32.17136800000003
22041950400,Franklin,22041,749,686,2887,8,-91.59150699999998,32.06885500000004
22041950500,Franklin,22041,448,413,1555,8,-91.82677499999994,32.036362000000054
22041950600,Franklin,22041,613,550,2254,8,-91.71163199999995,31.948229000000026
22043020100,Grant,22043,591,543,2977,6,-92.49626199999994,31.682957000000044
22043020200,Grant,22043,791,727,2569,6,-92.77578699999998,31.643463000000054
22043020300,Grant,22043,1080,988,3412,6,-92.64717099999996,31.460533000000055
22043020401,Grant,22043,1630,1436,5424,6,-92.46423299999998,31.531841000000043
22043020402,Grant,22043,1636,1474,7966,6,-92.45572699999997,31.460585000000037
22045030100,Iberia,22045,2755,2483,6623,4,-91.48296399999998,29.998657000000037
22045030200,Iberia,22045,2113,1838,6434,4,-91.71109799999994,30.052542000000074
22045030301,Iberia,22045,1461,1312,3981,4,-91.88349199999999,30.04289200000005
22045030302,Iberia,22045,2010,1795,5865,4,-91.95014999999995,29.953611000000024
22045030400,Iberia,22045,2680,2355,7452,4,-91.88077499999997,29.926826000000062
22045030500,Iberia,22045,1672,1505,4231,4,-91.82218899999998,30.02847900000006
22045030600,Iberia,22045,2704,2491,6994,4,-91.78066299999995,30.014372000000037
22045030700,Iberia,22045,1550,1397,3851,4,-91.80681599999997,30.01081800000003
22045030800,Iberia,22045,853,741,2086,4,-91.83370999999994,30.01061100000004
22045030900,Iberia,22045,1122,970,3294,4,-91.83636499999994,30.000767000000053
22045031000,Iberia,22045,1188,1049,3494,4,-91.82048799999995,29.99848600000007
22045031100,Iberia,22045,2156,1912,4750,4,-91.80681599999997,29.99358600000005
22045031200,Iberia,22045,1645,1485,3262,4,-91.83290899999997,29.989058000000057
22045031300,Iberia,22045,2275,2042,6381,4,-91.79868299999998,29.91525100000007
22045031600,Iberia,22045,1470,1349,3993,4,-91.83673099999999,29.641121000000055
22045990000,Iberia,22045,,,0,4,-91.77762599999994,29.43822300000005
22047952600,Iberville,22047,1061,972,2896,2,-91.55551899999995,30.444065000000023
22047952700,Iberville,22047,2837,2596,5626,2,-91.44073499999996,30.314095000000066
22047952900,Iberville,22047,2487,2220,5565,2,-91.31310299999996,30.170807000000025
22047953000,Iberville,22047,1105,983,2400,2,-91.17692599999998,30.106497000000047
22047953101,Iberville,22047,2841,2543,6050,2,-91.24023399999999,30.269615000000044
22047953102,Iberville,22047,1086,980,2156,2,-91.17468999999994,30.263281000000063
22047953200,Iberville,22047,3100,2830,8263,2,-91.11196899999999,30.267565000000047
22049970100,Jackson,22049,886,801,2614,8,-92.44955399999998,32.32985300000007
22049970200,Jackson,22049,972,895,3660,8,-92.70066799999995,32.36917900000003
22049970300,Jackson,22049,2597,2459,4580,8,-92.60334799999998,32.22983900000003
22049970400,Jackson,22049,1128,1014,3348,8,-92.67758899999995,32.23276500000003
22049970500,Jackson,22049,567,526,1724,8,-92.72478499999994,32.256409000000076
22051020101,Jefferson,22051,1803,1624,2910,1,-90.12832599999996,30.01824000000005
22051020102,Jefferson,22051,2209,2052,3053,1,-90.14512599999995,30.01660700000008
22051020201,Jefferson,22051,1394,1261,2715,1,-90.15586899999994,30.011518000000024
22051020202,Jefferson,22051,1776,1511,3589,1,-90.16251399999999,30.009291000000076
22051020203,Jefferson,22051,4896,4533,8210,1,-90.17102099999994,30.01439700000003
22051020301,Jefferson,22051,2321,2139,3344,1,-90.21041099999997,30.025757000000056
22051020302,Jefferson,22051,3865,3514,5855,1,-90.19240599999995,30.021921000000077
22051020303,Jefferson,22051,3829,3595,3511,1,-90.20043199999998,30.013903000000028
22051020400,Jefferson,22051,2168,2021,3078,1,-90.21990199999999,30.024376000000075
22051020502,Jefferson,22051,3789,3303,5997,1,-90.24253799999997,30.027018000000055
22051020505,Jefferson,22051,1025,862,1921,1,-90.25534099999999,30.010691000000065
22051020506,Jefferson,22051,2786,2487,4647,1,-90.23372699999999,30.01302700000008
22051020507,Jefferson,22051,2665,2410,4561,1,-90.25569899999994,30.017056000000025
22051020508,Jefferson,22051,4954,4452,7980,1,-90.27066799999994,30.033190000000047
22051020511,Jefferson,22051,2627,2356,3906,1,-90.25473799999997,30.035908000000063
22051020512,Jefferson,22051,1859,1709,2320,1,-90.25486799999999,30.026726000000053
22051020513,Jefferson,22051,2810,2482,5120,1,-90.23516799999999,30.02995500000003
22051020514,Jefferson,22051,2647,2450,3779,1,-90.22775999999999,30.029909000000032
22051020515,Jefferson,22051,2002,1794,3108,1,-90.27451299999996,30.01703100000003
22051020516,Jefferson,22051,2707,2300,4553,1,-90.26853199999994,30.013340000000028
22051020517,Jefferson,22051,2924,2688,3801,1,-90.26225299999999,30.044947000000036
22051020600,Jefferson,22051,2262,1790,5045,1,-90.26231399999995,30.00318500000003
22051020700,Jefferson,22051,686,556,929,1,-90.26615899999996,29.981686000000025
22051021000,Jefferson,22051,1345,1195,2565,1,-90.24245499999995,29.98509800000005
22051021100,Jefferson,22051,1232,1068,2187,1,-90.23944899999998,29.99389300000007
22051021200,Jefferson,22051,1652,1438,2769,1,-90.23743399999995,30.001942000000042
22051021300,Jefferson,22051,1831,1676,3264,1,-90.22540299999997,30.004953000000057
22051021400,Jefferson,22051,1382,1267,2216,1,-90.21806299999997,30.015322000000026
22051021500,Jefferson,22051,1469,1264,3194,1,-90.21611799999994,30.008436000000074
22051021600,Jefferson,22051,3791,3294,6036,1,-90.20643599999994,29.99926400000004
22051021700,Jefferson,22051,3411,3104,5853,1,-90.19820399999998,30.006556000000046
22051021801,Jefferson,22051,1712,1549,2333,1,-90.18440199999998,30.009253000000058
22051021803,Jefferson,22051,2169,1803,5218,1,-90.17967199999998,29.996231000000023
22051021804,Jefferson,22051,980,800,2097,1,-90.18079399999993,30.001692000000048
22051021900,Jefferson,22051,1108,986,1769,1,-90.16834299999994,30.001049000000023
22051022001,Jefferson,22051,2547,2200,5166,1,-90.16220099999998,29.99731600000007
22051022002,Jefferson,22051,1743,1614,2511,1,-90.16678599999995,29.987564000000077
22051022101,Jefferson,22051,977,921,1422,1,-90.14780399999995,30.00808100000006
22051022102,Jefferson,22051,1694,1563,2222,1,-90.15074199999998,29.997246000000075
22051022200,Jefferson,22051,1543,1428,2518,1,-90.13909099999995,30.006435000000067
22051022301,Jefferson,22051,1897,1756,2859,1,-90.13009599999998,30.007494000000065
22051022302,Jefferson,22051,1146,1050,1695,1,-90.12822699999998,29.997202000000073
22051022303,Jefferson,22051,1648,1431,2998,1,-90.12426799999997,30.006662000000063
22051022400,Jefferson,22051,2392,2236,3367,1,-90.13272899999998,29.992752000000053
22051022500,Jefferson,22051,1957,1799,2959,1,-90.14238699999999,29.993881000000044
22051022600,Jefferson,22051,2350,2174,2941,1,-90.14372999999995,29.98244900000003
22051022700,Jefferson,22051,1858,1725,2849,1,-90.15209199999998,29.985874000000024
22051022800,Jefferson,22051,1917,1734,3149,1,-90.15943099999998,29.98428700000005
22051022900,Jefferson,22051,1765,1583,2727,1,-90.16973099999996,29.978664000000038
22051023001,Jefferson,22051,1294,1196,1887,1,-90.17379799999998,29.98801000000003
22051023002,Jefferson,22051,2914,2690,4948,1,-90.18379999999996,29.98864400000008
22051023003,Jefferson,22051,1873,1740,2799,1,-90.19554099999993,29.989090000000033
22051023100,Jefferson,22051,1342,1191,2566,1,-90.18374599999999,29.979504000000077
22051023200,Jefferson,22051,1601,1443,2730,1,-90.20134699999994,29.980650000000026
22051023300,Jefferson,22051,1110,1013,1841,1,-90.20643599999994,29.986673000000053
22051023400,Jefferson,22051,2127,1952,3381,1,-90.20996899999994,29.992193000000043
22051023500,Jefferson,22051,2821,2581,4229,1,-90.22459399999997,29.991446000000053
22051023600,Jefferson,22051,2849,2518,4573,1,-90.22449499999999,29.98263000000003
22051023700,Jefferson,22051,1350,1186,1889,1,-90.22354099999995,29.976604000000066
22051023800,Jefferson,22051,2124,1871,3863,1,-90.23112499999996,29.968927000000065
22051023901,Jefferson,22051,1574,1454,2448,1,-90.20912899999996,29.95175000000006
22051023902,Jefferson,22051,1644,1526,2057,1,-90.21266899999995,29.961313000000075
22051023903,Jefferson,22051,1582,1467,2353,1,-90.21781199999998,29.968439000000046
22051023904,Jefferson,22051,1673,1550,2520,1,-90.22119099999998,29.950478000000032
22051024001,Jefferson,22051,2343,2198,2720,1,-90.20666499999999,29.942041000000074
22051024002,Jefferson,22051,2178,2019,2879,1,-90.20283499999994,29.931324000000075
22051024100,Jefferson,22051,1921,1724,3710,1,-90.20143899999994,29.949228000000062
22051024201,Jefferson,22051,1434,1278,2292,1,-90.18790399999995,29.972286000000054
22051024202,Jefferson,22051,2853,2595,3662,1,-90.18869799999999,29.95173600000004
22051024300,Jefferson,22051,2004,1857,2764,1,-90.17469799999998,29.957157000000052
22051024400,Jefferson,22051,1616,1484,3084,1,-90.16745799999995,29.966593000000046
22051024500,Jefferson,22051,1049,973,1411,1,-90.16343699999999,29.95722200000006
22051024600,Jefferson,22051,861,770,1186,1,-90.15653999999995,29.968849000000034
22051024700,Jefferson,22051,1063,964,1461,1,-90.15178699999996,29.96215600000005
22051024800,Jefferson,22051,2815,2631,3542,1,-90.13613099999998,29.976398000000074
22051024900,Jefferson,22051,1106,997,1474,1,-90.14000699999997,29.961002000000065
22051025001,Jefferson,22051,4174,3688,7507,1,-90.01732599999997,29.893606000000034
22051025002,Jefferson,22051,1943,1713,3107,1,-90.02836599999995,29.911621000000025
22051025003,Jefferson,22051,2576,2300,4048,1,-90.02657299999998,29.896254000000056
22051025102,Jefferson,22051,2780,2538,3983,1,-90.03887899999995,29.883461000000068
22051025103,Jefferson,22051,2466,2205,3511,1,-90.02696999999995,29.881346000000065
22051025104,Jefferson,22051,1900,1654,4294,1,-90.02865599999996,29.871946000000037
22051025201,Jefferson,22051,1250,1023,2628,1,-90.03778799999998,29.91670800000003
22051025202,Jefferson,22051,3381,2898,6840,1,-90.03645299999994,29.902809000000047
22051025300,Jefferson,22051,1388,1272,2146,1,-90.04639399999996,29.909321000000034
22051025400,Jefferson,22051,2326,2032,4442,1,-90.04910299999995,29.895601000000056
22051025500,Jefferson,22051,1477,1260,2779,1,-90.05624399999994,29.90154300000006
22051025600,Jefferson,22051,870,790,1676,1,-90.05647299999998,29.91332200000005
22051025700,Jefferson,22051,782,685,1107,1,-90.04647099999994,29.923531000000025
22051025800,Jefferson,22051,1012,900,1798,1,-90.05317699999995,29.932695000000024
22051025900,Jefferson,22051,1653,1527,3835,1,-90.06135599999999,29.919579000000056
22051026000,Jefferson,22051,1074,957,1830,1,-90.07485199999996,29.908974000000057
22051026100,Jefferson,22051,2510,2121,4626,1,-90.06439199999994,29.896412000000055
22051026200,Jefferson,22051,810,703,1125,1,-90.07151799999997,29.88560700000005
22051026300,Jefferson,22051,1395,1259,2477,1,-90.08407599999998,29.896881000000064
22051026400,Jefferson,22051,921,830,1850,1,-90.08827199999996,29.88770500000004
22051026500,Jefferson,22051,1431,1329,2149,1,-90.09525299999996,29.889133000000072
22051026600,Jefferson,22051,1129,994,1981,1,-90.09563399999996,29.903456000000062
22051026700,Jefferson,22051,958,849,1825,1,-90.10401199999995,29.890495000000044
22051026800,Jefferson,22051,1475,1296,2970,1,-90.11078599999996,29.889683000000048
22051026900,Jefferson,22051,1831,1588,3510,1,-90.11630999999994,29.899796000000038
22051027000,Jefferson,22051,3633,3276,5478,1,-90.12634999999995,29.89251900000005
22051027100,Jefferson,22051,1591,1408,3243,1,-90.14598799999999,29.892086000000063
22051027200,Jefferson,22051,2463,2190,4620,1,-90.14163199999996,29.903336000000024
22051027501,Jefferson,22051,3524,3178,6406,1,-90.24733699999996,29.948288000000048
22051027502,Jefferson,22051,2032,1803,3472,1,-90.24809299999998,29.923651000000064
22051027601,Jefferson,22051,2740,2463,5138,1,-90.22598999999997,29.896814000000063
22051027602,Jefferson,22051,1847,1578,3221,1,-90.18746899999996,29.87093200000004
22051027701,Jefferson,22051,3217,2829,5736,1,-90.14261599999998,29.865616000000045
22051027703,Jefferson,22051,2126,1830,3615,1,-90.11498999999998,29.855837000000065
22051027803,Jefferson,22051,1684,1439,3415,1,-90.05673999999999,29.881958000000054
22051027804,Jefferson,22051,5212,4758,8095,1,-90.03707099999997,29.860058000000038
22051027805,Jefferson,22051,5382,4838,8607,1,-90.05516799999998,29.856674000000055
22051027806,Jefferson,22051,3813,3468,6130,1,-90.10504199999997,29.86819500000007
22051027807,Jefferson,22051,5883,5426,9293,1,-90.09135399999997,29.864952000000073
22051027809,Jefferson,22051,4069,3583,7297,1,-90.09580999999997,29.80802700000004
22051027810,Jefferson,22051,2493,2245,3980,1,-90.08274099999994,29.858929000000046
22051027811,Jefferson,22051,1974,1733,2975,1,-90.07681299999996,29.861233000000027
22051027812,Jefferson,22051,2218,1952,3503,1,-90.07296799999995,29.827248000000054
22051027901,Jefferson,22051,1187,1034,2759,1,-90.13562799999994,29.721889000000033
22051027902,Jefferson,22051,832,707,1938,1,-90.04556299999996,29.489893000000052
22051028000,Jefferson,22051,2906,2583,5183,1,-90.14771999999994,29.787716000000046
22051028100,Jefferson,22051,1164,1018,1722,1,-90.25858299999999,29.973618000000045
22051028200,Jefferson,22051,2314,2011,4345,1,-90.16099499999996,29.929092000000026
22051980000,Jefferson,22051,,,0,1,-90.26116199999996,29.99187100000006
22051990000,Jefferson,22051,,,0,1,-90.18864399999995,30.103882000000056
22051990100,Jefferson,22051,,,0,1,-89.98037699999998,29.18913100000003
22053000100,Jefferson Davis,22053,1607,1469,5771,5,-92.75131999999996,30.38271000000003
22053000200,Jefferson Davis,22053,1451,1284,4803,5,-92.93587499999995,30.245243000000073
22053000300,Jefferson Davis,22053,1583,1430,5018,5,-92.80966199999995,30.25211100000007
22053000400,Jefferson Davis,22053,1974,1802,5847,5,-92.70828199999994,30.142172000000073
22053000500,Jefferson Davis,22053,1768,1624,5136,5,-92.65742499999999,30.23621000000003
22053000600,Jefferson Davis,22053,966,880,2865,5,-92.67484299999995,30.214239000000077
22053000700,Jefferson Davis,22053,769,698,2027,5,-92.62687699999998,30.209497000000056
22055000100,Lafayette,22055,1085,972,3157,4,-92.01940199999996,30.224861000000033
22055000200,Lafayette,22055,1057,946,2430,4,-92.00336499999997,30.219990000000053
22055000500,Lafayette,22055,1417,1312,2883,4,-92.03408099999996,30.21538400000003
22055000602,Lafayette,22055,2210,2036,4695,4,-92.04486799999995,30.22647100000006
22055000603,Lafayette,22055,1141,1047,2610,4,-92.06690999999995,30.221752000000038
22055000604,Lafayette,22055,3084,2807,6501,4,-92.06272099999995,30.20929300000006
22055000700,Lafayette,22055,1285,1129,3365,4,-92.05244399999998,30.239868000000058
22055000800,Lafayette,22055,1348,1199,3328,4,-92.02584099999996,30.23601300000007
22055000900,Lafayette,22055,778,681,1858,4,-92.02935799999995,30.247618000000045
22055001001,Lafayette,22055,2424,2187,5395,4,-92.04328899999996,30.271606000000077
22055001002,Lafayette,22055,1537,1388,3954,4,-92.01429699999994,30.280369000000064
22055001003,Lafayette,22055,2051,1891,3796,4,-91.98411599999997,30.28183400000006
22055001100,Lafayette,22055,2705,2364,6083,4,-92.01467899999994,30.247261000000037
22055001200,Lafayette,22055,3765,3423,8004,4,-91.98447399999998,30.253229000000033
22055001300,Lafayette,22055,2396,2140,4837,4,-91.97153499999996,30.226166000000035
22055001401,Lafayette,22055,4824,4403,9258,4,-92.08433499999995,30.147226000000046
22055001402,Lafayette,22055,3768,3402,8570,4,-92.05599999999998,30.105062000000032
22055001403,Lafayette,22055,2905,2670,5752,4,-92.05310799999995,30.14548700000006
22055001404,Lafayette,22055,4431,4041,9130,4,-92.01464099999998,30.130621000000076
22055001405,Lafayette,22055,3807,3455,9729,4,-92.00680499999999,30.158821000000046
22055001406,Lafayette,22055,2795,2533,5464,4,-92.02659599999998,30.166412000000037
22055001407,Lafayette,22055,3634,3381,6227,4,-92.03622399999995,30.17609200000004
22055001409,Lafayette,22055,4756,4373,10168,4,-91.95399499999996,30.139545000000055
22055001410,Lafayette,22055,7004,6368,16386,4,-91.98760199999998,30.084978000000035
22055001411,Lafayette,22055,1223,1079,2278,4,-91.96237899999994,30.17620800000003
22055001500,Lafayette,22055,3119,2879,5414,4,-92.02832799999999,30.198532000000057
22055001600,Lafayette,22055,1856,1729,3127,4,-92.04535699999997,30.18903700000004
22055001700,Lafayette,22055,3366,3138,7710,4,-92.05866199999997,30.179276000000073
22055001801,Lafayette,22055,1468,1346,3194,4,-92.06926699999997,30.190075000000036
22055001802,Lafayette,22055,1758,1614,3878,4,-92.05471799999998,30.20384400000006
22055001901,Lafayette,22055,2483,2223,7197,4,-92.19544199999996,30.18148400000007
22055001902,Lafayette,22055,2767,2499,6751,4,-92.10829199999995,30.223185000000058
22055001903,Lafayette,22055,2226,1987,6217,4,-92.11705799999999,30.196360000000027
22055001904,Lafayette,22055,2265,2083,4230,4,-92.08361099999996,30.195883000000038
22055001905,Lafayette,22055,2718,2449,6372,4,-92.11781299999996,30.154198000000065
22055002001,Lafayette,22055,1820,1659,5477,4,-92.13743599999998,30.263731000000064
22055002002,Lafayette,22055,2427,2174,6926,4,-92.08470899999998,30.265764000000047
22055002101,Lafayette,22055,2275,2061,6233,4,-92.08875299999994,30.30944100000005
22055002102,Lafayette,22055,1902,1741,4456,4,-92.06353799999994,30.342628000000047
22055002103,Lafayette,22055,2093,1926,4941,4,-92.02854199999996,30.30915600000003
22055002104,Lafayette,22055,2649,2442,5703,4,-91.99587999999994,30.335007000000076
22055002200,Lafayette,22055,2187,1997,6407,4,-92.02066799999994,30.20913100000007
22055980000,Lafayette,22055,,,0,4,-91.99169899999998,30.20407300000005
22057020100,Lafourche,22057,1443,1299,2800,3,-90.82810999999998,29.79249200000004
22057020202,Lafourche,22057,2152,2004,3955,3,-90.79027599999995,29.77225500000003
22057020400,Lafourche,22057,1083,947,2301,3,-90.81592599999999,29.78488200000004
22057020500,Lafourche,22057,3400,3110,6727,3,-90.84219399999995,29.77796200000006
22057020600,Lafourche,22057,1124,1044,2354,3,-90.84350599999999,29.795671000000027
22057020702,Lafourche,22057,1244,1117,3705,3,-90.91587099999998,29.763887000000068
22057020703,Lafourche,22057,2855,2627,5433,3,-90.81172899999996,29.807348000000047
22057020704,Lafourche,22057,2368,2140,5801,3,-90.83222999999998,29.859446000000048
22057020800,Lafourche,22057,1709,1549,3425,3,-90.69620499999996,29.833639000000062
22057020900,Lafourche,22057,832,717,2064,3,-90.66420699999998,29.74744000000004
22057021000,Lafourche,22057,1156,1044,3314,3,-90.48358199999996,29.730391000000054
22057021100,Lafourche,22057,2936,2549,6652,3,-90.18372299999999,29.40788500000008
22057021200,Lafourche,22057,1865,1626,4534,3,-90.32832299999995,29.256451000000027
22057021300,Lafourche,22057,795,710,2408,3,-90.27909099999994,29.386965000000032
22057021400,Lafourche,22057,1945,1739,4067,3,-90.36321299999997,29.517986000000064
22057021500,Lafourche,22057,1681,1478,5360,3,-90.37602999999996,29.571495000000027
22057021601,Lafourche,22057,3053,2744,7550,3,-90.60685699999999,29.646149000000037
22057021602,Lafourche,22057,1494,1353,3516,3,-90.48803699999996,29.542297000000076
22057021700,Lafourche,22057,1609,1426,3920,3,-90.54176299999995,29.63401200000004
22057021800,Lafourche,22057,2056,1848,4973,3,-90.59666399999998,29.71246700000006
22057021901,Lafourche,22057,2090,1784,6235,3,-90.73486299999996,29.696560000000034
22057021902,Lafourche,22057,1738,1566,4834,3,-90.69457999999997,29.718750000000057
22057022000,Lafourche,22057,1050,927,2286,3,-90.80774699999995,29.79073500000004
22057990000,Lafourche,22057,,,0,3,-90.23858599999994,29.060118000000045
22059970100,La Salle,22059,590,510,4884,6,-92.14431799999994,31.850397000000044
22059970200,La Salle,22059,929,817,6081,6,-92.13688699999994,31.714020000000062
22059970300,La Salle,22059,862,774,3984,6,-92.16953299999994,31.59987300000006
22061960100,Lincoln,22061,1589,1444,3985,8,-92.67615499999994,32.68746200000004
22061960200,Lincoln,22061,1580,1401,4158,8,-92.79853099999997,32.57630900000004
22061960300,Lincoln,22061,1330,1175,5382,8,-92.70700099999999,32.54312500000003
22061960400,Lincoln,22061,2129,1919,5434,8,-92.65623499999998,32.54961000000003
22061960500,Lincoln,22061,2141,1941,4330,8,-92.62465699999996,32.55713300000008
22061960600,Lincoln,22061,2030,1806,4968,8,-92.58216099999999,32.534966000000054
22061960700,Lincoln,22061,2638,2405,6342,8,-92.50561499999998,32.59601200000003
22061960800,Lincoln,22061,1349,1172,3734,8,-92.63290399999994,32.48844900000006
22061960900,Lincoln,22061,1020,894,2453,8,-92.63465899999994,32.520542000000034
22061961000,Lincoln,22061,1729,1545,6570,8,-92.68482999999998,32.48738100000003
22063040100,Livingston,22063,2959,2581,8969,9,-90.61570699999999,30.551601000000062
22063040201,Livingston,22063,2018,1807,7230,9,-90.79135099999996,30.523153000000036
22063040202,Livingston,22063,1407,1219,4609,9,-90.72071799999998,30.565611000000047
22063040301,Livingston,22063,3454,3088,9868,9,-90.90898099999998,30.60665300000005
22063040303,Livingston,22063,3631,3257,10953,9,-90.93524899999994,30.569090000000074
22063040304,Livingston,22063,1858,1622,5570,9,-90.88403299999999,30.56018400000005
22063040401,Livingston,22063,2346,2057,7553,9,-90.88712299999997,30.498035000000073
22063040402,Livingston,22063,3018,2656,8056,9,-90.84342199999998,30.503599000000065
22063040500,Livingston,22063,4478,3996,12250,9,-90.93183099999999,30.505472000000054
22063040600,Livingston,22063,3601,3194,9292,9,-90.94544999999994,30.486511000000064
22063040700,Livingston,22063,1592,1398,3625,9,-90.96897899999999,30.47157100000004
22063040802,Livingston,22063,2111,1860,6271,9,-90.77551999999997,30.335218000000054
22063040804,Livingston,22063,6360,5637,18524,9,-90.84806099999997,30.432720000000074
22063040805,Livingston,22063,2039,1802,5253,9,-90.93331099999995,30.447025000000053
22063040806,Livingston,22063,2874,2553,7737,9,-90.91344499999997,30.390228000000036
22063040901,Livingston,22063,2544,2267,6577,9,-90.62725099999994,30.407013000000063
22063040902,Livingston,22063,2185,1940,5774,9,-90.61003899999997,30.280678000000023
22065960100,Madison,22065,589,527,1657,8,-91.05639599999995,32.358051000000046
22065960200,Madison,22065,700,645,3081,8,-91.32651499999997,32.36692400000004
22065960300,Madison,22065,700,614,2498,8,-91.19347399999998,32.41816700000004
22065960400,Madison,22065,518,459,1728,8,-91.17885599999994,32.41434900000007
22065960500,Madison,22065,1194,1070,2508,8,-91.19147499999997,32.39682800000003
22067950100,Morehouse,22067,548,484,1455,8,-91.66101799999996,32.90444900000006
22067950200,Morehouse,22067,2107,1875,5230,8,-91.88113399999997,32.91008400000004
22067950300,Morehouse,22067,1055,943,2479,8,-92.00182299999994,32.85741000000007
22067950400,Morehouse,22067,1097,937,3481,8,-91.92836799999998,32.78425600000003
22067950500,Morehouse,22067,1652,1419,4026,8,-91.90280199999995,32.779964000000064
22067950600,Morehouse,22067,1013,907,2624,8,-91.75203699999997,32.67961500000007
22067950700,Morehouse,22067,1166,1050,2778,8,-91.89353199999994,32.668705000000045
22067950800,Morehouse,22067,1416,1217,3919,8,-91.93203699999998,32.765427000000045
22069000100,Natchitoches,22069,634,579,1755,7,-93.01008599999994,31.99398000000008
22069000200,Natchitoches,22069,878,788,3781,7,-93.11238899999995,31.912998000000073
22069000300,Natchitoches,22069,1711,1575,4656,7,-93.28874199999996,31.818136000000038
22069000400,Natchitoches,22069,1400,1259,3500,7,-93.08376299999998,31.802652000000023
22069000500,Natchitoches,22069,2410,2198,4386,7,-93.07507299999997,31.763430000000028
22069000600,Natchitoches,22069,2435,2199,7930,7,-93.05906699999997,31.74870500000003
22069000700,Natchitoches,22069,1356,1202,3711,7,-93.09513099999998,31.759239000000036
22069000800,Natchitoches,22069,1439,1317,4069,7,-93.19331399999999,31.615095000000053
22069000900,Natchitoches,22069,1839,1659,5175,7,-92.97757699999994,31.50855800000005
22071000100,Orleans,22071,1485,1397,2735,1,-90.05207099999996,29.953106000000048
22071000200,Orleans,22071,636,555,1704,1,-90.05235299999998,29.945894000000067
22071000300,Orleans,22071,648,570,1263,1,-90.04898799999995,29.940950000000043
22071000400,Orleans,22071,1252,1094,1942,1,-90.04247999999995,29.94633300000004
22071000601,Orleans,22071,448,378,816,1,-90.04095499999994,29.93278300000003
22071000602,Orleans,22071,1336,1149,2328,1,-90.03345499999995,29.937494000000072
22071000603,Orleans,22071,668,539,936,1,-90.02552799999995,29.930067000000065
22071000604,Orleans,22071,1995,1690,4163,1,-90.01996599999995,29.93263200000007
22071000605,Orleans,22071,1026,894,2297,1,-90.02655799999997,29.947245000000066
22071000606,Orleans,22071,2895,2659,4523,1,-90.00897199999997,29.934513000000038
22071000607,Orleans,22071,2474,2256,4733,1,-89.99491899999998,29.928417000000024
22071000611,Orleans,22071,2068,1798,5144,1,-89.97785199999998,29.91896200000008
22071000612,Orleans,22071,1417,1337,1834,1,-89.93535599999996,29.90145300000006
22071000613,Orleans,22071,2369,2030,4906,1,-90.02559699999995,29.92058600000007
22071000615,Orleans,22071,1392,1219,4313,1,-90.00703399999998,29.91999100000004
22071000616,Orleans,22071,2701,2451,4392,1,-89.99373599999996,29.915421000000038
22071000617,Orleans,22071,1666,1437,5366,1,-89.99302699999998,29.898550000000057
22071000618,Orleans,22071,2458,2281,4392,1,-90.00614199999995,29.906885000000045
22071000701,Orleans,22071,593,516,907,1,-90.02164499999998,29.97142800000006
22071000702,Orleans,22071,995,885,1877,1,-90.01724999999999,29.95451900000006
22071000800,Orleans,22071,926,818,1752,1,-90.01987499999996,29.959587000000056
22071000901,Orleans,22071,509,432,901,1,-90.00498999999996,29.966883000000053
22071000902,Orleans,22071,,,555,1,-90.01094099999995,29.97434400000003
22071000903,Orleans,22071,,,700,1,-90.01328999999998,29.968637000000058
22071000904,Orleans,22071,564,489,1315,1,-90.01525899999996,29.963640000000055
22071001100,Orleans,22071,1340,1192,1808,1,-90.03051799999997,29.966717000000074
22071001200,Orleans,22071,1309,1197,1701,1,-90.04655499999996,29.96265200000005
22071001301,Orleans,22071,1341,1210,1936,1,-90.04125199999999,29.96924000000007
22071001302,Orleans,22071,821,714,1128,1,-90.03446999999994,29.969738000000063
22071001401,Orleans,22071,903,772,1420,1,-90.03746799999999,29.98051600000008
22071001402,Orleans,22071,1277,1112,1969,1,-90.03681199999994,29.974707000000024
22071001500,Orleans,22071,649,548,908,1,-90.04573799999997,29.97594300000003
22071001600,Orleans,22071,,,0,1,-90.03221899999994,29.981749000000036
22071001701,Orleans,22071,1227,1082,2255,1,-90.03952799999996,30.022215000000074
22071001702,Orleans,22071,1985,1773,3544,1,-90.03768199999996,30.00993900000003
22071001720,Orleans,22071,2102,1769,3214,1,-90.02291099999997,30.020267000000047
22071001722,Orleans,22071,2912,2522,4265,1,-90.00138099999998,30.01711300000005
22071001723,Orleans,22071,2970,2651,4567,1,-89.97925599999996,30.020571000000075
22071001724,Orleans,22071,2708,2361,5476,1,-90.02329299999997,30.04145600000004
22071001725,Orleans,22071,3703,3301,6949,1,-89.99599499999994,30.043442000000027
22071001730,Orleans,22071,530,468,1161,1,-89.89829299999997,30.087816000000032
22071001734,Orleans,22071,501,456,920,1,-89.75269299999997,30.105495000000076
22071001735,Orleans,22071,1221,1044,2567,1,-90.00208299999997,30.024696000000063
22071001736,Orleans,22071,1016,875,2015,1,-89.98109399999998,30.02959100000004
22071001737,Orleans,22071,1598,1374,3478,1,-89.97821799999997,30.051203000000044
22071001739,Orleans,22071,1148,1028,2009,1,-89.97278599999999,30.043158000000062
22071001740,Orleans,22071,2496,2193,5057,1,-89.95303299999995,30.05568500000004
22071001741,Orleans,22071,986,901,1611,1,-89.93482199999994,30.036970000000053
22071001743,Orleans,22071,1031,893,2482,1,-90.00401299999999,30.030151000000046
22071001744,Orleans,22071,1905,1576,5037,1,-89.98666399999996,30.036488000000077
22071001745,Orleans,22071,1968,1759,3619,1,-89.96588099999997,30.05843500000003
22071001746,Orleans,22071,2478,2150,4000,1,-89.95145399999996,30.06912200000005
22071001747,Orleans,22071,2784,2618,4474,1,-89.95392599999997,30.040106000000037
22071001748,Orleans,22071,2488,2215,4524,1,-89.95539899999994,30.025427000000036
22071001749,Orleans,22071,1593,1420,3327,1,-89.92359199999999,30.041824000000076
22071001750,Orleans,22071,2152,1890,3286,1,-89.91692399999994,30.037693000000047
22071001751,Orleans,22071,,,725,1,-89.91081999999994,30.030136000000027
22071001800,Orleans,22071,1055,994,1487,1,-90.05396299999995,29.96464700000007
22071001900,Orleans,22071,1101,954,1409,1,-90.05335199999996,29.971493000000066
22071002000,Orleans,22071,956,811,1262,1,-90.05283399999996,29.975969000000077
22071002100,Orleans,22071,642,543,1263,1,-90.05472599999996,29.98054300000007
22071002200,Orleans,22071,746,617,1656,1,-90.04923999999994,29.98145100000005
22071002300,Orleans,22071,1212,1069,2195,1,-90.05660999999998,29.98828100000003
22071002401,Orleans,22071,1149,1055,2173,1,-90.05535099999997,29.995186000000047
22071002402,Orleans,22071,1873,1660,3167,1,-90.04989599999999,29.998631000000046
22071002501,Orleans,22071,1347,1216,2229,1,-90.05745699999994,30.01928300000003
22071002502,Orleans,22071,1433,1265,2422,1,-90.05052899999998,30.01986900000003
22071002503,Orleans,22071,1311,1217,2235,1,-90.05686999999995,30.007288000000074
22071002504,Orleans,22071,1507,1402,2862,1,-90.04988099999997,30.00810800000005
22071002600,Orleans,22071,925,839,1681,1,-90.05924999999996,29.96561200000008
22071002700,Orleans,22071,853,737,1358,1,-90.06077599999998,29.97074900000007
22071002800,Orleans,22071,866,721,1642,1,-90.06700099999995,29.979029000000025
22071002900,Orleans,22071,724,595,1014,1,-90.06098899999995,29.97575800000004
22071003000,Orleans,22071,650,530,1018,1,-90.06146999999999,29.981010000000026
22071003100,Orleans,22071,803,693,1457,1,-90.06537599999996,29.984827000000053
22071003301,Orleans,22071,1864,1765,2149,1,-90.07735399999996,30.016216000000043
22071003302,Orleans,22071,2334,2137,3287,1,-90.07801099999995,30.00599100000005
22071003303,Orleans,22071,1278,1140,2495,1,-90.06581099999994,30.020338000000038
22071003304,Orleans,22071,1302,1137,2580,1,-90.06529999999998,30.01224700000006
22071003307,Orleans,22071,874,789,1506,1,-90.07112099999995,29.997370000000046
22071003308,Orleans,22071,2271,2052,3450,1,-90.06420899999995,29.999258000000054
22071003400,Orleans,22071,844,734,1431,1,-90.06670399999996,29.97065900000007
22071003500,Orleans,22071,941,838,1290,1,-90.07078599999994,29.975082000000043
22071003600,Orleans,22071,1003,890,1435,1,-90.07361599999996,29.978109000000075
22071003701,Orleans,22071,1296,1199,1936,1,-90.08187899999996,29.988604000000066
22071003702,Orleans,22071,2372,2170,3485,1,-90.07781999999997,29.983171000000027
22071003800,Orleans,22071,966,892,1246,1,-90.05998199999999,29.96112800000003
22071003900,Orleans,22071,869,772,1138,1,-90.06915999999995,29.964121000000034
22071004000,Orleans,22071,1262,1141,1936,1,-90.07456999999994,29.971153000000072
22071004100,Orleans,22071,1049,992,1516,1,-90.08422099999996,29.977999000000068
22071004401,Orleans,22071,1018,898,1111,1,-90.07784299999997,29.96870400000006
22071004402,Orleans,22071,,,399,1,-90.07765999999998,29.965729000000067
22071004500,Orleans,22071,1621,1480,2612,1,-90.08649399999996,29.973392000000047
22071004600,Orleans,22071,1959,1851,2896,1,-90.09502399999997,29.980967000000078
22071004800,Orleans,22071,,,231,1,-90.07372299999997,29.95966100000004
22071004900,Orleans,22071,1210,1004,1602,1,-90.08222199999994,29.962566000000038
22071005000,Orleans,22071,1312,1146,1053,1,-90.09263599999997,29.97153300000008
22071005400,Orleans,22071,1305,1195,1742,1,-90.10131099999995,29.978811000000064
22071005500,Orleans,22071,1928,1816,2849,1,-90.10956599999997,29.98890700000004
22071005601,Orleans,22071,1854,1724,2441,1,-90.11127499999998,30.012655000000052
22071005602,Orleans,22071,2098,1936,2639,1,-90.10343199999994,30.011877000000027
22071005603,Orleans,22071,1142,1069,1690,1,-90.11238899999995,30.000532000000078
22071005604,Orleans,22071,1268,1194,1516,1,-90.10493499999995,29.999033000000054
22071006000,Orleans,22071,1180,994,2468,1,-90.08698999999996,29.956926000000067
22071006300,Orleans,22071,1257,1070,1678,1,-90.09213299999999,29.96593500000006
22071006400,Orleans,22071,1784,1619,2233,1,-90.09962499999995,29.969988000000058
22071006500,Orleans,22071,1804,1636,2762,1,-90.10762799999998,29.975622000000044
22071006900,Orleans,22071,634,503,1025,1,-90.09159899999997,29.951838000000066
22071007000,Orleans,22071,507,449,2153,1,-90.10156999999998,29.959421000000077
22071007101,Orleans,22071,1274,1136,2861,1,-90.10074599999996,29.965645000000052
22071007200,Orleans,22071,1239,1068,2960,1,-90.11041299999994,29.961271000000067
22071007501,Orleans,22071,1310,1122,2719,1,-90.12382499999995,29.969328000000075
22071007502,Orleans,22071,1607,1389,3591,1,-90.12039199999998,29.965298000000075
22071007604,Orleans,22071,1377,1290,1900,1,-90.11947599999996,29.98611100000005
22071007605,Orleans,22071,850,720,1419,1,-90.11307499999998,29.971674000000064
22071007606,Orleans,22071,2894,2677,3948,1,-90.11803399999997,30.015873000000056
22071007700,Orleans,22071,2013,1780,2302,1,-90.06530799999996,29.935223000000065
22071007800,Orleans,22071,891,811,1176,1,-90.07262399999996,29.93514300000004
22071008200,Orleans,22071,1106,1023,1464,1,-90.07653799999997,29.93253500000003
22071008300,Orleans,22071,949,876,1102,1,-90.07823199999996,29.929125000000056
22071008400,Orleans,22071,947,793,1057,1,-90.08132899999998,29.935860000000048
22071008500,Orleans,22071,682,566,1014,1,-90.08457199999998,29.939381000000026
22071008600,Orleans,22071,582,481,1087,1,-90.08966799999996,29.944818000000055
22071008800,Orleans,22071,1185,1099,1782,1,-90.07993299999998,29.92466500000006
22071009000,Orleans,22071,1369,1286,2029,1,-90.08487699999995,29.928101000000026
22071009100,Orleans,22071,1356,1238,1766,1,-90.08745599999997,29.93238800000006
22071009200,Orleans,22071,732,626,1498,1,-90.08961499999998,29.935877000000062
22071009400,Orleans,22071,692,559,1554,1,-90.09636699999999,29.947172000000023
22071009600,Orleans,22071,1610,1542,1548,1,-90.08981299999994,29.920259000000044
22071009700,Orleans,22071,1009,926,1326,1,-90.09738899999996,29.91926200000006
22071009900,Orleans,22071,2269,2105,2673,1,-90.09516099999996,29.924356000000046
22071010000,Orleans,22071,1071,941,1525,1,-90.09419999999994,29.931276000000025
22071010100,Orleans,22071,1494,1408,1948,1,-90.09944199999995,29.930435000000045
22071010200,Orleans,22071,1191,1048,2125,1,-90.09938799999998,29.937531000000035
22071010300,Orleans,22071,1671,1468,3676,1,-90.10075399999994,29.94474800000006
22071010600,Orleans,22071,1124,1039,1553,1,-90.11196899999999,29.91848200000004
22071010700,Orleans,22071,1372,1281,1883,1,-90.10532399999994,29.92329600000005
22071010800,Orleans,22071,987,932,1418,1,-90.11164899999994,29.923887000000036
22071010900,Orleans,22071,2145,2000,3142,1,-90.10713199999998,29.930206000000055
22071011100,Orleans,22071,1237,1106,1837,1,-90.10700999999995,29.937031000000047
22071011200,Orleans,22071,1054,984,1573,1,-90.10620899999998,29.943434000000025
22071011400,Orleans,22071,1429,1340,1926,1,-90.12007899999998,29.919327000000067
22071011500,Orleans,22071,1111,1049,1289,1,-90.12438199999997,29.92342000000008
22071011600,Orleans,22071,1103,1042,1491,1,-90.11733999999996,29.924006000000077
22071011700,Orleans,22071,2250,2117,3082,1,-90.11712599999998,29.931644000000063
22071011900,Orleans,22071,1405,1318,1755,1,-90.11354799999998,29.94009200000005
22071012000,Orleans,22071,981,916,1387,1,-90.13052399999998,29.92601200000007
22071012101,Orleans,22071,1526,1426,3185,1,-90.11799599999995,29.946196000000043
22071012102,Orleans,22071,1778,1655,4185,1,-90.12221499999998,29.93899700000003
22071012200,Orleans,22071,1748,1649,2339,1,-90.11231199999997,29.94835900000004
22071012300,Orleans,22071,1290,1195,2167,1,-90.10555999999997,29.95067000000006
22071012400,Orleans,22071,1157,1045,1749,1,-90.11000099999995,29.95473700000008
22071012500,Orleans,22071,1357,1270,1801,1,-90.13517799999994,29.93390500000004
22071012600,Orleans,22071,1377,1286,1554,1,-90.12914299999994,29.94287900000006
22071012700,Orleans,22071,1694,1596,2439,1,-90.12437399999999,29.948082000000056
22071012800,Orleans,22071,1673,1556,2233,1,-90.11760699999996,29.955276000000026
22071012900,Orleans,22071,1069,995,1441,1,-90.13530699999995,29.946953000000065
22071013000,Orleans,22071,1154,1054,1549,1,-90.12802099999999,29.95253900000006
22071013100,Orleans,22071,889,788,1421,1,-90.13245399999994,29.95541000000003
22071013200,Orleans,22071,1817,1625,2956,1,-90.12448899999998,29.958870000000047
22071013301,Orleans,22071,2844,2658,3724,1,-90.09777799999995,30.026005000000055
22071013302,Orleans,22071,1619,1535,2141,1,-90.06024899999994,30.031374000000028
22071013400,Orleans,22071,5148,4249,2859,1,-90.07138799999996,29.948849000000052
22071013500,Orleans,22071,1534,1351,1831,1,-90.06419399999999,29.955975000000024
22071013600,Orleans,22071,704,637,1026,1,-90.03572099999997,29.965576000000056
22071013700,Orleans,22071,1423,1178,2749,1,-90.03305099999994,29.99398000000008
22071013800,Orleans,22071,1475,1306,2615,1,-90.07957499999998,29.996105000000057
22071013900,Orleans,22071,896,784,1579,1,-90.07606499999997,29.940054000000032
22071014000,Orleans,22071,913,780,1893,1,-90.08309899999995,29.94467000000003
22071014100,Orleans,22071,1355,1199,2337,1,-90.07067899999998,29.92515000000003
22071014200,Orleans,22071,1232,1150,1647,1,-90.08747099999994,29.917376000000047
22071014300,Orleans,22071,1016,851,1857,1,-90.09249899999998,29.939842000000056
22071014400,Orleans,22071,1143,1074,1723,1,-90.11471599999999,29.91380900000007
22071014500,Orleans,22071,305,272,2516,1,-90.09500899999995,29.96062900000004
22071980000,Orleans,22071,,,10,1,-90.09309399999995,30.00149700000003
22071980100,Orleans,22071,,,0,1,-89.91570299999995,30.004488000000038
22071990000,Orleans,22071,,,0,1,-89.97286999999994,30.121422000000052
22073000100,Ouachita,22073,2493,2242,4509,8,-92.12323799999996,32.52043200000003
22073000200,Ouachita,22073,3193,2922,5925,8,-92.11553999999995,32.54229400000003
22073000401,Ouachita,22073,855,779,2592,8,-92.05076599999995,32.54333900000006
22073000402,Ouachita,22073,989,851,3327,8,-92.07493599999998,32.52954500000004
22073000500,Ouachita,22073,1363,1216,3139,8,-92.04942299999999,32.52698900000007
22073000600,Ouachita,22073,1263,1092,3513,8,-92.06586499999997,32.51004400000005
22073000700,Ouachita,22073,659,555,1960,8,-92.09000399999996,32.50968900000004
22073000900,Ouachita,22073,349,298,1409,8,-92.09644299999997,32.499817000000064
22073001100,Ouachita,22073,957,826,3125,8,-92.09063699999996,32.47605500000003
22073001400,Ouachita,22073,660,564,2325,8,-92.11689799999994,32.48249400000003
22073001500,Ouachita,22073,503,442,1411,8,-92.11106899999999,32.46315000000004
22073001700,Ouachita,22073,1854,1701,3349,8,-92.09731299999999,32.53117000000003
22073005100,Ouachita,22073,976,898,1933,8,-92.13800799999996,32.60171900000006
22073005201,Ouachita,22073,1770,1623,3482,8,-92.23170499999998,32.577057000000025
22073005203,Ouachita,22073,1292,1167,2821,8,-92.16029399999996,32.54275100000007
22073005204,Ouachita,22073,2631,2349,5842,8,-92.17832199999998,32.57740400000006
22073005301,Ouachita,22073,2642,2387,6282,8,-92.21882599999998,32.52548200000007
22073005302,Ouachita,22073,2711,2437,5210,8,-92.17305799999997,32.52199900000005
22073005400,Ouachita,22073,793,694,1921,8,-92.14658399999996,32.52240400000005
22073005500,Ouachita,22073,1254,1112,2946,8,-92.14299799999998,32.50891500000006
22073005800,Ouachita,22073,951,810,2101,8,-92.16773999999998,32.498203000000046
22073005900,Ouachita,22073,670,553,2711,8,-92.17005199999994,32.46476000000007
22073010101,Ouachita,22073,1808,1652,4576,8,-91.96464499999996,32.61389500000007
22073010102,Ouachita,22073,2539,2284,6741,8,-91.96372999999994,32.52885800000007
22073010201,Ouachita,22073,2831,2559,5819,8,-92.05493199999995,32.563278000000025
22073010202,Ouachita,22073,3379,3042,7739,8,-92.01765399999994,32.636524000000065
22073010301,Ouachita,22073,2072,1906,3279,8,-92.09975399999996,32.55621700000006
22073010302,Ouachita,22073,1612,1448,4700,8,-92.08853899999997,32.64149500000008
22073010400,Ouachita,22073,3767,3360,9347,8,-92.34490199999999,32.50683200000003
22073010502,Ouachita,22073,1446,1293,4597,8,-92.21036499999997,32.345020000000034
22073010503,Ouachita,22073,447,396,2046,8,-92.33943199999999,32.39405800000003
22073010504,Ouachita,22073,3195,2850,8688,8,-92.23423799999995,32.455944000000045
22073010603,Ouachita,22073,2602,2360,7028,8,-92.01654799999994,32.45518500000003
22073010604,Ouachita,22073,822,729,1947,8,-92.07018299999999,32.34421500000008
22073010700,Ouachita,22073,850,753,3110,8,-92.10134899999997,32.475494000000026
22073010800,Ouachita,22073,870,754,1871,8,-92.10395099999994,32.51251200000007
22073010900,Ouachita,22073,1939,1742,4609,8,-92.08552599999996,32.48952900000006
22073011000,Ouachita,22073,1655,1474,5212,8,-92.11473099999995,32.43521100000004
22073011100,Ouachita,22073,906,784,2933,8,-92.13972499999994,32.46015200000005
22073980000,Ouachita,22073,,,0,8,-92.03545399999996,32.51073800000006
22075050100,Plaquemines,22075,825,743,1370,1,-89.48220099999998,29.435528000000033
22075050200,Plaquemines,22075,5007,4551,8191,1,-89.98585499999996,29.87346800000006
22075050300,Plaquemines,22075,1803,1518,5299,1,-90.02894599999996,29.81956500000007
22075050400,Plaquemines,22075,1872,1687,3538,1,-89.85440799999998,29.473150000000032
22075050500,Plaquemines,22075,518,451,1557,1,-89.69536599999998,29.48418600000008
22075050600,Plaquemines,22075,331,292,1060,1,-89.61847699999998,29.342628000000047
22075050700,Plaquemines,22075,586,523,1400,1,-89.49394999999998,29.348160000000064
22075050800,Plaquemines,22075,182,161,958,1,-89.40030699999994,29.18312100000003
22075990000,Plaquemines,22075,,,0,1,-89.32099199999999,29.33254800000003
22077951900,Pointe Coupee,22077,2800,2573,5544,2,-91.47427399999998,30.70385200000004
22077952000,Pointe Coupee,22077,796,719,2597,2,-91.69092599999999,30.809637000000066
22077952100,Pointe Coupee,22077,1924,1777,4913,2,-91.52497899999997,30.635124000000076
22077952200,Pointe Coupee,22077,1358,1272,3105,2,-91.41237599999994,30.646784000000025
22077952300,Pointe Coupee,22077,1017,936,1723,2,-91.45609999999994,30.694574000000046
22077952400,Pointe Coupee,22077,1412,1286,4276,2,-91.58904999999999,30.541193000000078
22079010100,Rapides,22079,3900,3481,9716,6,-92.20478799999995,31.38099500000004
22079010300,Rapides,22079,1721,1526,6033,6,-92.43798799999996,31.409939000000065
22079010400,Rapides,22079,1280,1148,2371,6,-92.52099599999997,31.38225600000004
22079010500,Rapides,22079,2509,2230,5501,6,-92.61151899999999,31.34983600000004
22079010600,Rapides,22079,1701,1523,4905,6,-92.78433999999999,31.321341000000075
22079010700,Rapides,22079,2399,2168,4532,6,-92.62564099999997,31.270803000000058
22079011000,Rapides,22079,921,752,3192,6,-92.47102399999994,31.308449000000053
22079011300,Rapides,22079,977,877,2223,6,-92.43509699999998,31.37218900000005
22079011500,Rapides,22079,4100,3694,7402,6,-92.39421099999998,31.342730000000074
22079011600,Rapides,22079,973,855,2674,6,-92.42294299999998,31.34084500000006
22079011700,Rapides,22079,974,835,2517,6,-92.44154399999996,31.335894000000053
22079012000,Rapides,22079,691,569,1679,6,-92.44754799999998,31.291052000000036
22079012100,Rapides,22079,1310,1136,2980,6,-92.45821399999994,31.292603000000042
22079012200,Rapides,22079,1701,1492,3354,6,-92.46742999999998,31.297749000000067
22079012301,Rapides,22079,3291,2968,5919,6,-92.50258599999995,31.26335000000006
22079012302,Rapides,22079,2188,2005,4315,6,-92.48534399999994,31.287416000000064
22079012400,Rapides,22079,2218,2018,4348,6,-92.48633599999994,31.256567000000075
22079012500,Rapides,22079,2913,2595,6212,6,-92.46145599999994,31.248383000000047
22079012600,Rapides,22079,1256,1106,2318,6,-92.46028899999999,31.278030000000058
22079012700,Rapides,22079,1142,998,2541,6,-92.41461899999996,31.24855400000007
22079012800,Rapides,22079,526,461,901,6,-92.44103999999999,31.275963000000047
22079012900,Rapides,22079,1002,877,2757,6,-92.42928299999994,31.294411000000025
22079013000,Rapides,22079,1328,1203,2323,6,-92.38931299999996,31.258863000000076
22079013100,Rapides,22079,1014,880,2581,6,-92.41045399999996,31.310186000000044
22079013200,Rapides,22079,3648,3233,8788,6,-92.30195599999996,31.265081000000066
22079013300,Rapides,22079,1830,1655,4916,6,-92.32604199999997,31.088989000000026
22079013400,Rapides,22079,1542,1384,3624,6,-92.55438999999996,31.162468000000047
22079013500,Rapides,22079,2193,1872,5893,6,-92.55421399999994,31.007105000000024
22079013600,Rapides,22079,709,621,3206,6,-92.75913999999995,31.01819400000005
22079013700,Rapides,22079,1184,1035,4622,6,-92.33312999999998,31.416544000000044
22079013800,Rapides,22079,2054,1818,4440,6,-92.50792699999994,31.312763000000075
22079013900,Rapides,22079,1189,1045,2746,6,-92.44967699999995,31.309668000000045
22079980000,Rapides,22079,,,17,6,-92.54520399999996,31.325031000000024
22081960100,Red River,22081,1121,1009,4403,7,-93.34177399999999,32.10268000000008
22081960300,Red River,22081,1064,918,4215,7,-93.32382999999999,32.012459000000035
22083970100,Richland,22083,1335,1254,2917,8,-91.49979399999995,32.451523000000066
22083970200,Richland,22083,641,595,2270,8,-91.53967299999994,32.499317000000076
22083970300,Richland,22083,961,866,3123,8,-91.67435499999999,32.50373500000006
22083970400,Richland,22083,889,820,3440,8,-91.87262699999997,32.45008100000007
22083970500,Richland,22083,1658,1471,4855,8,-91.74951899999996,32.483231000000046
22083970600,Richland,22083,1130,1044,3869,8,-91.85868099999999,32.289288000000056
22085000100,Sabine,22085,825,696,3008,7,-93.61048899999997,31.767836000000045
22085000200,Sabine,22085,1163,1033,3725,7,-93.75929299999996,31.657261000000062
22085000300,Sabine,22085,465,396,2470,7,-93.66062199999999,31.64511900000008
22085000400,Sabine,22085,1505,1307,4824,7,-93.48710599999998,31.620501000000047
22085000500,Sabine,22085,1097,935,3435,7,-93.43544799999995,31.546553000000074
22085000600,Sabine,22085,1156,1004,3647,7,-93.41620599999999,31.436409000000026
22085000700,Sabine,22085,1033,919,2979,7,-93.60385899999994,31.35194800000005
22087030103,St. Bernard,22087,2057,1824,4609,1,-89.88866399999995,29.875536000000068
22087030104,St. Bernard,22087,773,679,1705,1,-89.82424199999997,29.867155000000025
22087030105,St. Bernard,22087,,,265,1,-89.29597499999994,29.861544000000038
22087030203,St. Bernard,22087,1502,1299,3648,1,-89.95469699999995,29.93133000000006
22087030204,St. Bernard,22087,2067,1763,4046,1,-89.89891799999998,29.955591000000027
22087030206,St. Bernard,22087,1172,1049,2496,1,-89.93979599999994,29.944878000000074
22087030207,St. Bernard,22087,1938,1736,4201,1,-89.95009599999997,29.947144000000037
22087030208,St. Bernard,22087,1470,1285,3321,1,-89.91508499999998,29.936300000000074
22087030209,St. Bernard,22087,1592,1436,3645,1,-89.92404899999997,29.926046000000042
22087030300,St. Bernard,22087,860,766,1406,1,-90.00374599999998,29.958435000000065
22087030400,St. Bernard,22087,836,752,1724,1,-89.98860899999994,29.942371000000037
22087030500,St. Bernard,22087,1004,906,1649,1,-89.99179799999996,29.961403000000075
22087030601,St. Bernard,22087,702,608,1649,1,-89.97921799999995,29.960180000000037
22087030602,St. Bernard,22087,1424,1261,2992,1,-89.98239099999995,29.949373000000037
22087030603,St. Bernard,22087,646,518,1591,1,-89.96935999999994,29.955711000000065
22087030700,St. Bernard,22087,869,767,1852,1,-89.96694199999996,29.940638000000035
22087030800,St. Bernard,22087,1757,1500,4895,1,-89.96212799999995,29.950436000000025
22087990000,St. Bernard,22087,,,0,1,-89.27065299999998,29.967890000000068
22089060100,St. Charles,22089,995,865,2243,3,-90.35354599999994,30.07929800000005
22089062100,St. Charles,22089,3005,2632,5317,3,-90.30055199999998,29.974369000000024
22089062200,St. Charles,22089,1293,1126,2476,3,-90.34310899999997,29.949587000000065
22089062301,St. Charles,22089,3915,3563,6101,3,-90.35578899999996,29.972733000000062
22089062302,St. Charles,22089,2742,2485,4704,3,-90.38314099999997,29.958492000000035
22089062400,St. Charles,22089,682,588,1411,3,-90.34422299999994,30.016602000000034
22089062500,St. Charles,22089,1427,1261,2899,3,-90.41665599999999,30.004786000000024
22089062700,St. Charles,22089,2059,1816,4783,3,-90.45836599999996,29.97904200000005
22089062800,St. Charles,22089,2231,1962,5289,3,-90.39204399999994,29.90477400000003
22089062900,St. Charles,22089,1193,1043,2698,3,-90.35201999999998,29.922274000000073
22089063000,St. Charles,22089,639,583,1366,3,-90.29665399999999,29.944029000000057
22089063100,St. Charles,22089,4131,3707,8393,3,-90.32478299999997,29.880495000000053
22089063200,St. Charles,22089,2010,1785,5044,3,-90.35124199999996,29.828960000000052
22091951100,St. Helena,22091,1367,1228,3577,9,-90.71031199999999,30.910452000000078
22091951200,St. Helena,22091,2276,1995,6834,9,-90.71032699999995,30.73291400000005
22093040100,St. James,22093,1212,1070,3787,3,-90.68460799999997,30.10845400000005
22093040200,St. James,22093,1197,1048,3273,3,-90.70349099999999,30.050838000000056
22093040300,St. James,22093,1366,1213,3601,3,-90.73378799999995,30.056005000000027
22093040400,St. James,22093,736,654,2173,3,-90.80834199999998,30.079674000000068
22093040500,St. James,22093,941,859,2372,3,-90.86979699999995,29.98830600000008
22093040600,St. James,22093,1232,1111,2586,3,-90.72645599999998,29.98255000000006
22093040700,St. James,22093,1834,1706,3565,3,-90.69718899999998,29.92614400000008
22095070100,St. John the Baptist,22095,1590,1427,2583,3,-90.40695999999997,30.18930400000005
22095070200,St. John the Baptist,22095,4027,3503,7809,3,-90.46798699999994,30.084097000000042
22095070300,St. John the Baptist,22095,3416,3006,5976,3,-90.48519899999997,30.085804000000053
22095070400,St. John the Baptist,22095,2491,2256,4014,3,-90.49605599999995,30.09286700000007
22095070500,St. John the Baptist,22095,3009,2603,6099,3,-90.53611799999999,30.093485000000044
22095070600,St. John the Baptist,22095,708,609,1997,3,-90.62845599999997,30.08070200000003
22095070700,St. John the Baptist,22095,1884,1688,4259,3,-90.57971199999997,30.073023000000035
22095070800,St. John the Baptist,22095,975,859,1738,3,-90.53395099999994,30.058367000000032
22095070900,St. John the Baptist,22095,1366,1175,3275,3,-90.51039099999997,30.064035000000047
22095071000,St. John the Baptist,22095,1282,1141,2702,3,-90.47130599999997,30.049427000000037
22095071100,St. John the Baptist,22095,1540,1363,2994,3,-90.59813699999995,29.974174000000062
22097960100,St. Landry,22097,521,444,2618,4,-91.89515699999998,30.777224000000047
22097960200,St. Landry,22097,1493,1376,3962,4,-92.09070599999995,30.718203000000074
22097960300,St. Landry,22097,1080,956,3846,4,-91.92903099999995,30.634159000000068
22097960400,St. Landry,22097,441,384,1741,4,-91.80488599999995,30.546875000000057
22097960500,St. Landry,22097,1828,1667,5620,4,-91.92533899999995,30.474781000000064
22097960600,St. Landry,22097,3080,2785,5853,4,-92.09146099999998,30.58677700000004
22097960700,St. Landry,22097,2146,1926,6162,4,-92.19236799999999,30.50965700000006
22097960800,St. Landry,22097,1847,1690,3607,4,-92.35475199999996,30.509281000000044
22097960900,St. Landry,22097,1827,1639,4181,4,-92.40270999999996,30.49225400000006
22097961000,St. Landry,22097,843,771,2091,4,-92.42772699999995,30.49936500000007
22097961100,St. Landry,22097,1314,1182,3237,4,-92.42542999999995,30.48780800000003
22097961200,St. Landry,22097,2689,2427,5367,4,-92.12603799999994,30.467422000000056
22097961300,St. Landry,22097,1836,1606,4157,4,-92.09151499999996,30.544725000000028
22097961400,St. Landry,22097,1919,1732,4246,4,-92.07441699999998,30.541548000000034
22097961500,St. Landry,22097,2296,2059,4635,4,-92.07942999999995,30.509802000000036
22097961600,St. Landry,22097,1627,1421,4498,4,-92.09586299999995,30.524786000000063
22097961700,St. Landry,22097,3646,3293,7109,4,-92.03686499999998,30.48457700000006
22097961800,St. Landry,22097,2584,2338,6995,4,-92.08923299999998,30.376171000000056
22097961900,St. Landry,22097,1081,1001,3524,4,-92.05187199999995,30.41866900000008
22099020100,St. Martin,22099,2000,1823,5220,4,-91.62911999999994,30.225891000000047
22099020200,St. Martin,22099,2839,2568,6750,4,-91.88880199999994,30.367670000000032
22099020301,St. Martin,22099,1941,1780,4913,4,-91.91579399999995,30.311304000000064
22099020302,St. Martin,22099,2900,2593,8497,4,-91.82146499999999,30.275179000000037
22099020400,St. Martin,22099,2692,2491,6286,4,-91.82242599999995,30.205008000000078
22099020501,St. Martin,22099,2366,2152,5241,4,-91.92635299999995,30.22999600000003
22099020502,St. Martin,22099,1596,1456,4128,4,-91.89160899999996,30.280958000000055
22099020600,St. Martin,22099,2663,2424,6187,4,-91.89034999999996,30.11795600000005
22099020800,St. Martin,22099,1379,1257,3063,4,-91.78658299999995,30.135061000000064
22099020900,St. Martin,22099,792,727,1929,4,-91.84609999999998,30.074211000000048
22099021000,St. Martin,22099,567,521,1538,4,-91.27056099999999,29.84655200000003
22101040100,St. Mary,22101,778,678,2274,3,-91.16867799999994,29.652191000000073
22101040200,St. Mary,22101,2164,1946,4776,3,-91.19464899999997,29.716742000000067
22101040300,St. Mary,22101,1142,983,2908,3,-91.18772099999995,29.690649000000064
22101040400,St. Mary,22101,1489,1313,3738,3,-91.21340199999997,29.707621000000074
22101040500,St. Mary,22101,1574,1364,4732,3,-91.23772399999996,29.69488000000007
22101040600,St. Mary,22101,1347,1192,4614,3,-91.27095799999995,29.67292800000007
22101040700,St. Mary,22101,973,853,3465,3,-91.30602999999996,29.697039000000075
22101040800,St. Mary,22101,1418,1261,5095,3,-91.32198299999999,29.61817700000006
22101040900,St. Mary,22101,739,670,3191,3,-91.46598799999998,29.549740000000043
22101041000,St. Mary,22101,900,818,3668,3,-91.49783299999996,29.865181000000064
22101041100,St. Mary,22101,806,738,1701,3,-91.71144099999998,29.75266300000004
22101041200,St. Mary,22101,247,223,2252,3,-91.54954499999997,29.831993000000068
22101041300,St. Mary,22101,847,786,2024,3,-91.52579499999996,29.808527000000026
22101041400,St. Mary,22101,1529,1395,3329,3,-91.47855399999997,29.821491000000037
22101041500,St. Mary,22101,821,770,1763,3,-91.49639899999994,29.787840000000074
22101041600,St. Mary,22101,760,677,2204,3,-91.50939199999999,29.783728000000053
22101990000,St. Mary,22101,,,0,3,-91.48819699999996,29.36281400000007
22103040102,St. Tammany,22103,4002,3637,9093,9,-89.84638199999995,30.49260300000003
22103040103,St. Tammany,22103,2070,1872,4510,9,-90.06583399999994,30.622412000000054
22103040104,St. Tammany,22103,2655,2461,7182,9,-89.95503999999994,30.589266000000066
22103040201,St. Tammany,22103,3580,3274,9325,9,-90.19762399999996,30.59790000000004
22103040202,St. Tammany,22103,3083,2868,6284,9,-90.13478899999996,30.604031000000077
22103040303,St. Tammany,22103,5584,5131,9246,9,-90.12550399999998,30.385559000000057
22103040304,St. Tammany,22103,4203,3918,6713,9,-90.11032099999994,30.41063500000007
22103040305,St. Tammany,22103,6295,5831,14678,9,-90.20920599999994,30.457251000000042
22103040400,St. Tammany,22103,4880,4527,9571,9,-90.15376999999995,30.468954000000053
22103040501,St. Tammany,22103,1623,1458,5098,9,-90.10123399999998,30.488012000000026
22103040502,St. Tammany,22103,1794,1633,4412,9,-90.06084399999997,30.50532700000008
22103040601,St. Tammany,22103,1900,1765,2838,9,-90.13193499999994,30.433096000000035
22103040602,St. Tammany,22103,1582,1476,2651,9,-90.10655999999994,30.462326000000076
22103040604,St. Tammany,22103,4429,4003,10160,9,-90.06416299999995,30.445591000000036
22103040605,St. Tammany,22103,3690,3420,6564,9,-90.08238999999998,30.455782000000056
22103040701,St. Tammany,22103,4345,3934,9197,9,-89.91426099999995,30.390581000000054
22103040704,St. Tammany,22103,2595,2327,5670,9,-89.78723899999994,30.370239000000026
22103040705,St. Tammany,22103,3062,2740,6958,9,-89.75048799999996,30.329552000000035
22103040706,St. Tammany,22103,2633,2382,6102,9,-89.69364199999995,30.34448100000003
22103040708,St. Tammany,22103,3541,3296,5546,9,-89.63791699999996,30.21052700000007
22103040709,St. Tammany,22103,2268,2085,4229,9,-89.73435199999994,30.29460000000006
22103040710,St. Tammany,22103,3124,2840,5896,9,-89.73399399999994,30.27599900000007
22103040801,St. Tammany,22103,2307,2047,4715,9,-89.77873999999997,30.24977300000006
22103040802,St. Tammany,22103,4343,4031,7163,9,-89.79517399999997,30.227367000000072
22103040803,St. Tammany,22103,4834,4370,9795,9,-89.73777799999993,30.220600000000047
22103040900,St. Tammany,22103,1449,1275,2838,9,-89.77069099999994,30.266163000000063
22103041002,St. Tammany,22103,1545,1400,2899,9,-89.76451099999997,30.27978900000005
22103041003,St. Tammany,22103,2917,2653,5879,9,-89.75530999999995,30.293837000000053
22103041004,St. Tammany,22103,2520,2278,4789,9,-89.76577799999995,30.300137000000063
22103041101,St. Tammany,22103,1859,1680,3831,9,-89.84208699999994,30.284887000000026
22103041102,St. Tammany,22103,3466,3134,7718,9,-89.81941199999994,30.275492000000042
22103041103,St. Tammany,22103,1526,1357,3066,9,-89.79815699999995,30.30073500000003
22103041104,St. Tammany,22103,1412,1251,3394,9,-89.82472199999995,30.24393500000008
22103041202,St. Tammany,22103,1098,1019,2413,9,-89.93350199999998,30.283497000000068
22103041204,St. Tammany,22103,4098,3689,8162,9,-89.92683399999999,30.332520000000045
22103041207,St. Tammany,22103,2375,2163,4285,9,-90.06462099999999,30.409723000000042
22103041208,St. Tammany,22103,2789,2598,4554,9,-90.06703899999997,30.39120900000006
22103041209,St. Tammany,22103,2983,2746,4765,9,-90.06270599999993,30.377630000000067
22103041210,St. Tammany,22103,1389,1266,2772,9,-90.03176099999996,30.393087000000037
22103041211,St. Tammany,22103,3363,3102,6674,9,-90.04170199999999,30.366798000000074
22103041212,St. Tammany,22103,2044,1879,3566,9,-90.01761599999998,30.354959000000065
22103041300,St. Tammany,22103,3929,3633,6892,9,-90.08204699999999,30.36317800000006
22103990000,St. Tammany,22103,,,0,9,-90.04484599999995,30.252407000000062
22105953200,Tangipahoa,22105,1005,882,3123,9,-90.41274299999998,30.93634600000007
22105953300,Tangipahoa,22105,1328,1149,3988,9,-90.52533699999998,30.919971000000032
22105953400,Tangipahoa,22105,1904,1691,5730,9,-90.53147899999999,30.772099000000026
22105953500,Tangipahoa,22105,2575,2297,6938,9,-90.36815599999994,30.77716300000003
22105953600,Tangipahoa,22105,1684,1440,6470,9,-90.52503199999995,30.68218600000006
22105953700,Tangipahoa,22105,3614,3235,11421,9,-90.36728699999998,30.62283700000006
22105953800,Tangipahoa,22105,1477,1307,5001,9,-90.51398499999999,30.607510000000048
22105953900,Tangipahoa,22105,3081,2639,8365,9,-90.52407799999997,30.54861500000004
22105954001,Tangipahoa,22105,1110,980,4305,9,-90.46878099999998,30.552629000000024
22105954002,Tangipahoa,22105,2428,2182,6198,9,-90.41651199999995,30.543659000000048
22105954101,Tangipahoa,22105,2301,2046,5512,9,-90.52817499999998,30.50383800000003
22105954102,Tangipahoa,22105,4706,4263,12208,9,-90.51452599999999,30.46148500000004
22105954200,Tangipahoa,22105,1344,1203,4742,9,-90.47315199999997,30.51020200000005
22105954300,Tangipahoa,22105,1751,1542,4150,9,-90.47698199999996,30.49262600000003
22105954400,Tangipahoa,22105,1499,1332,3790,9,-90.45461299999994,30.503756000000067
22105954501,Tangipahoa,22105,2952,2564,5966,9,-90.46173099999999,30.465054000000066
22105954502,Tangipahoa,22105,3140,2811,7890,9,-90.43047299999995,30.47729300000003
22105954600,Tangipahoa,22105,4649,4191,13853,9,-90.31246199999998,30.44706300000007
22105954700,Tangipahoa,22105,2200,2000,5342,9,-90.46079299999997,30.362032000000056
22105954800,Tangipahoa,22105,2470,2201,5512,9,-90.32192999999995,30.344614000000036
22107000100,Tensas,22107,319,301,1846,8,-91.18186199999997,32.09571500000004
22107000200,Tensas,22107,310,282,1098,8,-91.41048399999994,31.999197000000038
22107000300,Tensas,22107,403,357,1722,8,-91.32236499999999,31.85294300000004
22109000101,Terrebonne,22109,2315,2031,5939,3,-90.83805799999999,29.73452400000008
22109000102,Terrebonne,22109,1622,1419,4239,3,-90.78489699999994,29.702240000000074
22109000201,Terrebonne,22109,1348,1156,4187,3,-90.78442399999994,29.654922000000056
22109000202,Terrebonne,22109,2783,2415,7589,3,-90.74289699999997,29.659246000000053
22109000300,Terrebonne,22109,1880,1614,5585,3,-90.75175499999995,29.613346000000035
22109000401,Terrebonne,22109,1945,1697,4897,3,-90.73886899999997,29.61754600000006
22109000402,Terrebonne,22109,1594,1395,4079,3,-90.74491899999998,29.630730000000028
22109000500,Terrebonne,22109,2541,2201,5992,3,-90.71710199999995,29.631531000000052
22109000600,Terrebonne,22109,2462,2132,5418,3,-90.68440199999998,29.611320000000035
22109000700,Terrebonne,22109,2171,1819,6188,3,-90.67725399999995,29.580980000000068
22109000800,Terrebonne,22109,2426,2083,5324,3,-90.69526699999994,29.57899100000003
22109000900,Terrebonne,22109,2322,2006,4954,3,-90.72481499999998,29.581318000000067
22109001000,Terrebonne,22109,2093,1832,5765,3,-90.60708599999998,29.558321000000035
22109001100,Terrebonne,22109,896,717,3685,3,-90.50287599999996,29.336275000000057
22109001201,Terrebonne,22109,1055,926,2853,3,-90.61928599999999,29.511971000000074
22109001202,Terrebonne,22109,1383,1180,3443,3,-90.62042999999994,29.18316500000003
22109001300,Terrebonne,22109,2212,1822,8573,3,-90.78683499999994,29.257120000000043
22109001400,Terrebonne,22109,1225,1060,3261,3,-91.01030699999995,29.341440000000034
22109001500,Terrebonne,22109,3331,2995,7315,3,-91.02550499999995,29.523363000000074
22109001600,Terrebonne,22109,1090,975,2402,3,-90.98037699999998,29.634735000000035
22109001700,Terrebonne,22109,5886,5220,10899,3,-90.82170899999994,29.646814000000063
22109990000,Terrebonne,22109,,,0,3,-90.90448799999996,29.09130700000003
22111960100,Union,22111,1451,1343,4234,8,-92.27756499999998,32.90930600000007
22111960200,Union,22111,1089,1011,3586,8,-92.60480499999994,32.91778900000003
22111960300,Union,22111,1026,937,2981,8,-92.56453699999997,32.77767200000005
22111960400,Union,22111,1555,1399,3734,8,-92.39560699999998,32.779457000000036
22111960500,Union,22111,1665,1540,4497,8,-92.22747799999996,32.74414800000005
22111960600,Union,22111,1240,1125,3443,8,-92.34830499999998,32.65348400000005
22113950100,Vermilion,22113,2597,2281,10150,4,-92.22278599999999,30.08343300000007
22113950200,Vermilion,22113,1484,1360,4668,4,-92.46605699999998,29.980883000000063
22113950400,Vermilion,22113,1878,1711,5547,4,-92.28485899999998,30.00611500000008
22113950500,Vermilion,22113,1500,1376,5630,4,-92.20883899999995,29.944866000000047
22113950600,Vermilion,22113,1220,1107,3515,4,-92.11960599999998,30.012491000000068
22113950700,Vermilion,22113,1695,1543,3682,4,-92.14379899999994,29.964819000000034
22113950800,Vermilion,22113,1737,1565,5650,4,-92.12314599999996,29.968735000000038
22113950901,Vermilion,22113,1116,1030,3376,4,-92.10820799999999,29.941626000000042
22113950902,Vermilion,22113,2617,2342,8140,4,-92.04341099999994,30.015469000000053
22113951001,Vermilion,22113,1362,1236,4622,4,-92.02717599999994,29.961447000000078
22113951002,Vermilion,22113,1364,1208,3408,4,-92.05485499999998,29.869511000000045
22113951100,Vermilion,22113,491,457,1479,4,-92.32134999999994,29.713722000000075
22113990000,Vermilion,22113,,,0,4,-92.32221999999996,29.532598000000064
22115950100,Vernon,22115,1657,1487,5303,6,-93.03153199999997,31.235996000000057
22115950200,Vernon,22115,1367,1190,5392,6,-93.34036299999997,31.28062600000004
22115950300,Vernon,22115,1226,1070,4119,6,-93.44618199999996,31.054077000000063
22115950400,Vernon,22115,1177,1057,3349,6,-93.27404799999994,31.154417000000024
22115950500,Vernon,22115,2117,1887,6002,6,-93.29032099999995,31.11737100000005
22115950600,Vernon,22115,1181,1018,3701,6,-93.27948799999996,31.107979000000057
22115950701,Vernon,22115,123,84,1986,6,-93.05573999999996,31.079901000000064
22115950702,Vernon,22115,438,360,3382,6,-93.22782099999995,31.04391700000008
22115950703,Vernon,22115,461,342,2425,6,-93.21277599999996,31.095125000000053
22115950704,Vernon,22115,719,596,3927,6,-93.22763799999996,31.064482000000055
22115950800,Vernon,22115,914,806,4347,6,-93.02742799999999,30.961046000000067
22115950900,Vernon,22115,1594,1399,7074,6,-93.31617699999998,30.97328900000008
22117950101,Washington,22117,1669,1526,3653,9,-89.80441999999994,30.900490000000048
22117950102,Washington,22117,1451,1292,3867,9,-89.92251599999997,30.906012000000032
22117950200,Washington,22117,2294,2040,6018,9,-90.06032599999998,30.930244000000073
22117950300,Washington,22117,1859,1618,4619,9,-90.16442899999998,30.91897800000004
22117950400,Washington,22117,1467,1311,3507,9,-90.26253499999996,30.91316800000004
22117950500,Washington,22117,2430,2176,6073,9,-90.14440899999994,30.76659200000006
22117950600,Washington,22117,1853,1678,4874,9,-89.96879599999994,30.733801000000028
22117950700,Washington,22117,1801,1631,4813,9,-89.88604699999996,30.79109600000004
22117950800,Washington,22117,1459,1321,4431,9,-89.83759299999997,30.79072000000008
22117950900,Washington,22117,486,424,1376,9,-89.86256399999996,30.772871000000066
22117951000,Washington,22117,1450,1310,3226,9,-89.85777999999999,30.714920000000063
22119031100,Webster,22119,687,608,1789,7,-93.30458799999997,32.90372800000006
22119031200,Webster,22119,600,539,2672,7,-93.45820599999996,32.967693000000054
22119031300,Webster,22119,1792,1576,4935,7,-93.45575699999995,33.00384900000006
22119031400,Webster,22119,724,656,3013,7,-93.40854599999994,32.84515000000005
22119031500,Webster,22119,1688,1515,5981,7,-93.39511899999997,32.59086200000007
22119031600,Webster,22119,1208,1104,2742,7,-93.28558299999997,32.69710900000007
22119031700,Webster,22119,1175,1043,3041,7,-93.30466499999994,32.608070000000055
22119031800,Webster,22119,1056,931,2629,7,-93.29251099999999,32.626648000000046
22119031900,Webster,22119,1141,1023,2223,7,-93.27919799999995,32.61230100000006
22119032000,Webster,22119,1567,1402,3469,7,-93.26496099999997,32.61084400000004
22119032100,Webster,22119,2328,2125,7137,7,-93.25431799999996,32.51862700000004
22121020100,West Baton Rouge,22121,2077,1905,4030,2,-91.20708499999995,30.45210600000007
22121020200,West Baton Rouge,22121,1501,1352,3841,2,-91.22787499999998,30.483858000000055
22121020300,West Baton Rouge,22121,3098,2852,5891,2,-91.34545099999997,30.494234000000063
22121020401,West Baton Rouge,22121,2227,2002,5355,2,-91.21703299999996,30.360325000000046
22121020402,West Baton Rouge,22121,2829,2587,6743,2,-91.27873199999999,30.383160000000032
22123000100,West Carroll,22123,1191,1093,4592,8,-91.39157899999998,32.92907700000006
22123000200,West Carroll,22123,1143,1039,3845,8,-91.45887799999997,32.801056000000074
22123000300,West Carroll,22123,601,548,2743,8,-91.50485999999995,32.67185200000006
22125951701,West Feliciana,22125,4272,3850,4204,2,-91.40503699999994,30.896812000000068
22125951702,West Feliciana,22125,,,3822,2,-91.62115499999999,30.940935000000025
22125951800,West Feliciana,22125,2313,2144,7351,2,-91.32788799999997,30.803305000000023
22127960100,Winn,22127,968,857,3410,6,-92.49858099999994,31.993368000000032
22127960200,Winn,22127,1385,1260,6153,6,-92.78468299999997,31.892139000000043
22127960300,Winn,22127,990,897,2532,6,-92.64853699999998,31.92766000000006
22127960400,Winn,22127,745,662,2399,6,-92.62837999999994,31.912086000000045
